period,start_date,atmid,layout,value_unit_published,atm_total,pos_terminals,cc_payments_vol,cc_payments_val_mn,dc_payments_vol,dc_payments_val_mn,atm_onsite,atm_offsite,pos_online,pos_offline,cc_cards,cc_atm_vol,cc_pos_vol,cc_atm_val,cc_pos_val,dc_cards,dc_atm_vol,dc_pos_vol,dc_atm_val,dc_pos_val,atm_online,atm_offline,micro_atm,bharat_qr,pos,upi_qr,cc_ecom_vol,cc_ecom_val,cc_other_vol,cc_other_val,dc_ecom_vol,dc_ecom_val,dc_other_vol,dc_other_val,dc_cashpos_vol,dc_cashpos_val,cc_atm_val_mn,cc_pos_val_mn,dc_atm_val_mn,dc_pos_val_mn,cc_ecom_val_mn,cc_other_val_mn,dc_ecom_val_mn,dc_other_val_mn,dc_cashpos_val_mn
2011-04,2011-04-01,9,A14,million,75645.0,595958.0,23227778.0,70553.98076351397,22461539.0,37055.43341498082,41268.0,34377.0,585714.0,10244.0,17777686.0,171978.0,23227778.0,963.72095198325,70553.98076351397,230256833.0,399553342.0,22461539.0,1061653.4724379862,37055.43341498082,,,,,,,,,,,,,,,,,963.72095198325,70553.98076351397,1061653.4724379862,37055.43341498082,,,,,
2011-05,2011-05-01,8,A14,million,76836.0,601024.0,25341607.0,78809.93212981388,24387011.0,42013.60312744622,41698.0,35138.0,591418.0,9606.0,17658575.0,177189.0,25341607.0,1002.0728600825502,78809.93212981388,234977471.0,403465526.0,24387011.0,1126314.4661324986,42013.60312744622,,,,,,,,,,,,,,,,,1002.0728600825502,78809.93212981388,1126314.4661324986,42013.60312744622,,,,,
2011-06,2011-06-01,7,A14,million,78386.0,610156.0,24182946.0,71911.07962646967,23891416.0,37838.844462617344,42513.0,35873.0,600295.0,9861.0,17659442.0,172625.0,24182946.0,960.364052725536,71911.07962646967,239520133.0,391737317.0,23891416.0,1098540.787878441,37838.844462617344,,,,,,,,,,,,,,,,,960.364052725536,71911.07962646967,1098540.787878441,37838.844462617344,,,,,
2011-07,2011-07-01,6,A14,million,80117.0,617853.0,25608258.0,74717.6302971399,26603990.0,42325.65758007026,43290.0,36827.0,607805.0,10048.0,17646842.643333334,172970.0,25608258.0,967.22062538,74717.6302971399,243342679.0,414648767.0,26603990.0,1127437.3141460607,42325.65758007026,,,,,,,,,,,,,,,,,967.22062538,74717.6302971399,1127437.3141460607,42325.65758007026,,,,,
2011-08,2011-08-01,5,A14,million,81634.0,587383.0,27688863.0,80789.83905201519,27752834.0,45605.18254927186,43914.0,37720.0,577094.0,10289.0,17584699.0,180047.0,27688863.0,1088.498112470204,80789.83905201519,251478570.0,414472319.0,27752834.0,1122738.9142333684,45605.18254927186,,,,,,,,,,,,,,,,,1088.498112470204,80789.83905201519,1122738.9142333684,45605.18254927186,,,,,
2011-09,2011-09-01,4,A14,million,82989.0,586674.0,25586421.0,76938.09708126391,26049559.0,41013.22449736667,44432.0,38557.0,576102.0,10572.0,17625852.0,178119.0,25586421.0,1003.553420489033,76938.09708126391,251972284.0,409673081.0,26049559.0,1092567.151168936,41013.22449736667,,,,,,,,,,,,,,,,,1003.553420489033,76938.09708126391,1092567.151168936,41013.22449736667,,,,,
2011-10,2011-10-01,3,A14,million,84309.0,596463.0,28641501.0,89976.29235376223,30500708.0,55910.613980269285,44875.0,39434.0,585685.0,10778.0,17619053.0,185542.0,28641501.0,1078.006636964504,89976.29235376223,255555596.0,449866388.0,30500708.0,1234095.9276221104,55910.613980269285,,,,,,,,,,,,,,,,,1078.006636964504,89976.29235376223,1234095.9276221104,55910.613980269285,,,,,
2011-11,2011-11-01,2,A14,million,85728.0,607157.0,24683380.0,79197.87589816184,27064448.0,43288.27622506237,44807.0,40921.0,596081.0,11076.0,17034655.0,176818.0,24683380.0,1047.437433311494,79197.87589816184,259829834.0,417004503.0,27064448.0,1143812.6707771502,43288.27622506237,,,,,,,,,,,,,,,,,1047.437433311494,79197.87589816184,1143812.6707771502,43288.27622506237,,,,,
2011-12,2011-12-01,10,A14,million,87355.0,618756.0,28145942.5,84217.49151005167,29406351.0,48818.97163794437,45275.0,42080.0,607094.0,11662.0,17672337.0,184298.0,28145942.5,1108.521189304428,84217.49151005167,263796762.0,444161114.0,29406351.0,1242370.6894473778,48818.97163794437,,,,,,,,,,,,,,,,,1108.521189304428,84217.49151005167,1242370.6894473778,48818.97163794437,,,,,
2012-01,2012-01-01,11,A14,million,88838.0,635653.0,29812268.0,88676.98646764671,30673852.0,50611.0200310213,45618.0,43220.0,623348.0,12305.0,17739500.0,188208.0,29812268.0,1089.362000550038,88676.98646764671,268000217.0,434051835.0,30673852.0,1209807.8789150116,50611.0200310213,,,,,,,,,,,,,,,,,1089.362000550038,88676.98646764671,1209807.8789150116,50611.0200310213,,,,,
2012-02,2012-02-01,12,A14,million,90524.0,646228.0,26565890.0,81965.34557861059,28073471.0,43892.94381753999,46118.0,44406.0,633663.0,12565.0,17574444.0,200762.0,26565890.0,1078.4195866558,81965.34557861059,273647940.0,432250953.0,28073471.0,1209838.316943349,43892.94381753999,,,,,,,,,,,,,,,,,1078.4195866558,81965.34557861059,1209838.316943349,43892.94381753999,,,,,
2012-03,2012-03-01,13,A14,million,95686.0,660920.0,28744709.62,88373.7218199899,30668922.0,46534.07157386001,47545.0,48141.0,647869.0,13051.0,17653818.0,202106.0,28744709.62,1208.714768563085,88373.7218199899,278282839.0,471031623.0,30668922.0,1317167.704254213,46534.07157386001,,,,,,,,,,,,,,,,,1208.714768563085,88373.7218199899,1317167.704254213,46534.07157386001,,,,,
2012-04,2012-04-01,14,A14,million,96742.0,667963.0,29483446.033,101186.83077759242,31041360.0,50716.07803951999,47914.0,48828.0,654616.0,13347.0,17772203.0,191696.0,29483446.033,1018.74284294531,101186.83077759242,281896365.0,452614082.0,31041360.0,1280330.6542469773,50716.07803951999,,,,,,,,,,,,,,,,,1018.74284294531,101186.83077759242,1280330.6542469773,50716.07803951999,,,,,
2012-05,2012-05-01,15,A14,million,98074.0,671834.0,30166356.3222,93073.20413782724,32101263.0,51109.35074172,48129.0,49945.0,658250.0,13584.0,17900756.0,195616.0,30166356.3222,1135.2712707574478,93073.20413782724,286316295.0,460263881.0,32101263.0,1327925.5662967437,51109.35074172,,,,,,,,,,,,,,,,,1135.2712707574478,93073.20413782724,1327925.5662967437,51109.35074172,,,,,
2012-06,2012-06-01,16,A14,million,99218.0,682958.0,29513853.3221,90269.51359681312,33055758.0,50729.23992554,48399.0,50819.0,669451.0,13507.0,18013578.0,194256.0,29513853.3221,880.695624040745,90269.51359681312,290677993.0,437110100.0,33055758.0,1309124.597892085,50729.23992554,,,,,,,,,,,,,,,,,880.695624040745,90269.51359681312,1309124.597892085,50729.23992554,,,,,
2012-07,2012-07-01,17,A14,million,100047.0,694126.0,33372045.0,98745.59879170769,36895944.0,57870.85712087,48662.0,51385.0,682083.0,12043.0,18152748.0,205250.0,33372045.0,1196.8966306000002,98745.59879170769,294077943.0,433449531.0,36895944.0,1357663.838184259,57870.85712087,,,,,,,,,,,,,,,,,1196.8966306000002,98745.59879170769,1357663.838184259,57870.85712087,,,,,
2012-08,2012-08-01,18,A14,million,100620.0,709478.0,32524725.0,95843.53011145,37999996.0,58864.51879414001,49023.0,51597.0,697206.0,12272.0,18226033.0,209236.0,32524725.0,1217.48795396,95843.53011145,298572426.0,424658556.0,37999996.0,1330128.80640607,58864.51879414001,,,,,,,,,,,,,,,,,1217.48795396,95843.53011145,1330128.80640607,58864.51879414001,,,,,
2012-09,2012-09-01,19,A14,million,101646.0,741859.0,30427400.0,93665.42423050008,36709046.0,56406.78709005001,49258.0,52388.0,727761.0,14098.0,18367595.0,198862.0,30427400.0,1353.8729337400005,93665.42423050008,302481807.0,420141864.0,36709046.0,1310288.679350542,56406.78709005001,,,,,,,,,,,,,,,,,1353.8729337400005,93665.42423050008,1310288.679350542,56406.78709005001,,,,,
2012-10,2012-10-01,20,A14,million,102542.0,764674.0,35583728.0,108643.38110494,39662970.0,67766.47091266005,49819.0,52723.0,750175.0,14499.0,18520189.0,261213.0,35583728.0,1282.25699346,108643.38110494,306833366.0,446049609.0,39662970.0,1420022.086895001,67766.47091266005,,,,,,,,,,,,,,,,,1282.25699346,108643.38110494,1420022.086895001,67766.47091266005,,,,,
2012-11,2012-11-01,21,A14,million,103968.0,784642.0,33996899.24142552,110914.6105779616,46894237.0,72162.29929412,50672.0,53296.0,770075.0,14567.0,18654312.0,205079.0,33996899.24142552,1210.48996867,110914.6105779616,309477518.0,427533189.0,46894237.0,1452814.4744503996,72162.29929412,,,,,,,,,,,,,,,,,1210.48996867,110914.6105779616,1452814.4744503996,72162.29929412,,,,,
2012-12,2012-12-01,22,A14,million,105784.0,799702.0,36104486.0,111635.94223374,43129684.0,69061.08738981602,51600.0,54184.0,784862.0,14840.0,18851351.0,215268.0,36104486.0,1248.9948826500004,111635.94223374,314436803.0,448551210.0,43129684.0,1462717.8535852898,69061.08738981602,,,,,,,,,,,,,,,,,1248.9948826500004,111635.94223374,1462717.8535852898,69061.08738981602,,,,,
2013-01,2013-01-01,23,A14,million,107875.0,812874.0,37005455.0,113920.31066170004,43310477.0,80154.61898379,52992.0,54883.0,797968.0,14906.0,19023791.0,211402.0,37005455.0,1228.1365479,113920.31066170004,320350288.0,451309699.0,43310477.0,1494745.25012353,80154.61898379,,,,,,,,,,,,,,,,,1228.1365479,113920.31066170004,1494745.25012353,80154.61898379,,,,,
2013-02,2013-02-01,24,A14,million,109629.0,828115.0,32921958.22894807,101036.05689242024,40685594.0,61125.89405971,53992.0,55637.0,813178.0,14937.0,19219973.0,199523.0,32921958.22894807,1174.14874452,101036.05689242024,325651757.0,427800442.0,40685594.0,1390666.7229946102,61125.89405971,,,,,,,,,,,,,,,,,1174.14874452,101036.05689242024,1390666.7229946102,61125.89405971,,,,,
2013-03,2013-03-01,26,A14,million,114014.0,854290.0,35616482.0,111217.42029710008,45376619.0,66873.04677938002,55760.0,58254.0,840983.0,13307.0,19538329.0,225770.0,35616482.0,1492.8510473700003,111217.42029710008,331196720.0,482004645.0,45376619.0,1556405.6105434,66873.04677938002,,,,,,,,,,,,,,,,,1492.8510473700003,111217.42029710008,1556405.6105434,66873.04677938002,,,,,
2013-04,2013-04-01,25,A14,million,116378.0,913867.0,37739514.0,124182.48677656996,45286896.0,76198.26890458007,57090.0,59288.0,900352.0,13515.0,19553677.0,228604.0,37739514.0,1327.4950293000002,124182.48677656996,336866879.0,473418167.0,45286896.0,1565538.05819665,76198.26890458007,,,,,,,,,,,,,,,,,1327.4950293000002,124182.48677656996,1565538.05819665,76198.26890458007,,,,,
2013-05,2013-05-01,27,A14,million,118867.0,929929.0,40281121.0,124638.2207563376,47493284.0,77080.45335456007,58503.0,60364.0,914569.0,15360.0,19589918.0,228909.0,40281121.0,1333.79439808,124638.2207563376,342245876.0,477855168.0,47493284.0,1614366.27544457,77080.45335456007,,,,,,,,,,,,,,,,,1333.79439808,124638.2207563376,1614366.27544457,77080.45335456007,,,,,
2013-06,2013-06-01,28,A14,million,121847.0,947825.0,36803376.0,113750.89083632,47640990.0,70755.34612304007,60151.0,61696.0,932752.0,15073.0,19132467.0,214911.0,36803376.0,1265.90224929,113750.89083632,348511646.0,468144788.0,47640990.0,1573140.71965361,70755.34612304007,,,,,,,,,,,,,,,,,1265.90224929,113750.89083632,1573140.71965361,70755.34612304007,,,,,
2013-07,2013-07-01,29,A14,million,124072.0,967740.0,44192634.0,125410.13044972214,52163965.0,77149.15557340012,61643.0,62429.0,952534.0,15206.0,18782298.0,234708.0,44192634.0,1360.5860607,125410.13044972214,355417741.0,487148560.0,52163965.0,1578715.7549639698,77149.15557340012,,,,,,,,,,,,,,,,,1360.5860607,125410.13044972214,1578715.7549639698,77149.15557340012,,,,,
2013-08,2013-08-01,30,A16x,million,126950.0,981193.0,43151823.0,122035.8934871985,55198729.0,80096.59867350943,63380.0,63570.0,965910.0,15283.0,18443838.0,239695.0,43151823.0,1393.7825845000002,122035.8934871985,362337081.0,496932651.0,55198729.0,1570615.6604507205,80096.59867350943,,,,,,,,,,,,,,,,,1393.7825845000002,122035.8934871985,1570615.6604507205,80096.59867350943,,,,,
2013-09,2013-09-01,31,A14,million,130290.0,995941.0,41812425.0,119233.59788745994,53147269.0,75075.01936204114,65165.0,65125.0,980583.0,15358.0,18574936.0,229116.0,41812425.0,1327.6758079300002,119233.59788745994,367794961.0,493858796.0,53147269.0,1546670.4671026303,75075.01936204114,,,,,,,,,,,,,,,,,1327.6758079300002,119233.59788745994,1546670.4671026303,75075.01936204114,,,,,
2013-10,2013-10-01,32,A14,million,133313.0,963491.0,45127761.0,134947.71700091282,54516803.0,87205.14725934321,66912.0,66401.0,948323.0,15168.0,18578309.0,247420.0,45127761.0,1443.45162153,134947.71700091282,374192339.0,538649053.0,54516803.0,1743433.7102978402,87205.14725934321,,,,,,,,,,,,,,,,,1443.45162153,134947.71700091282,1743433.7102978402,87205.14725934321,,,,,
2013-11,2013-11-01,33,A14,million,137080.0,975772.0,41838607.0,126549.6719940788,51623636.0,83905.69557626656,69179.0,67901.0,960478.0,15294.0,18747076.0,235633.0,41838607.0,1337.1425073375378,126549.6719940788,381464280.0,510246036.0,51623636.0,1662648.4366172226,83905.69557626656,,,,,,,,,,,,,,,,,1337.1425073375378,126549.6719940788,1662648.4366172226,83905.69557626656,,,,,
2013-12,2013-12-01,35,A14,million,141516.0,1025733.0,45636971.0,135065.73237203422,52295128.0,81943.37613204867,71690.0,69826.0,1010332.0,15401.0,18686136.0,273653.0,45636971.0,1508.1916125399998,135065.73237203422,372506779.0,530351893.0,52295128.0,1699023.7462449642,81943.37613204867,,,,,,,,,,,,,,,,,1508.1916125399998,135065.73237203422,1699023.7462449642,81943.37613204867,,,,,
2014-01,2014-01-01,34,A14,million,145858.0,1034161.0,45578598.0,141620.33395323623,53832983.0,84977.59170520873,74042.0,71816.0,1018807.0,15354.0,18974160.0,274156.0,45578598.0,1505.73689184,141620.33395323623,380332001.0,538387754.0,53832983.0,1722318.0454829596,84977.59170520873,,,,,,,,,,,,,,,,,1505.73689184,141620.33395323623,1722318.0454829596,84977.59170520873,,,,,
2014-02,2014-02-01,36,A14,million,150008.0,1035623.0,40808266.0,126930.66533567,48898775.0,74350.16531563,76836.0,73172.0,1017846.0,17777.0,19052208.0,254956.0,40808266.0,1400.09439782,126930.66533567,386582426.0,501526642.0,48898775.0,1575785.13499439,74350.16531563,,,,,,,,,,,,,,,,,1400.09439782,126930.66533567,1575785.13499439,74350.16531563,,,,,
2014-03,2014-03-01,38,A14,million,160055.0,1065984.0,46105415.0,145487.30638305,56981333.0,85770.65240612999,83379.0,76676.0,1050323.0,15661.0,19181567.0,296548.0,46105415.0,1661.6956917899995,145487.30638305,394421738.0,571497661.0,56981333.0,1796098.9325575102,85770.65240612999,,,,,,,,,,,,,,,,,1661.6956917899995,145487.30638305,1796098.9325575102,85770.65240612999,,,,,
2014-04,2014-04-01,37,A14,million,162543.0,1076311.0,46324573.0,145554.23857771,56266452.0,86847.63406382999,85134.0,77409.0,1060504.0,15807.0,19226475.0,295478.0,46324573.0,1620.80187363,145554.23857771,399652017.0,554034275.0,56266452.0,1773477.06910158,86847.63406382999,,,,,,,,,,,,,,,,,1620.80187363,145554.23857771,1773477.06910158,86847.63406382999,,,,,
2014-05,2014-05-01,39,A14,million,164491.0,1081466.0,47240362.0,150464.30430614,59220836.0,95820.58491082,86475.0,78016.0,1065599.0,15867.0,19391187.0,305724.0,47240362.0,1669.7395043400004,150464.30430614,401722424.0,568127694.0,59220836.0,1873753.5914267097,95820.58491082,,,,,,,,,,,,,,,,,1669.7395043400004,150464.30430614,1873753.5914267097,95820.58491082,,,,,
2014-06,2014-06-01,40,A14,million,166894.0,1088708.0,48262074.0,148605.68421619,59562768.0,92734.67256951,87925.0,78969.0,1072662.0,16046.0,19476550.0,306826.0,48262074.0,1665.56550184,148605.68421619,409034442.0,555809580.0,59562768.0,1792850.8225415002,92734.67256951,,,,,,,,,,,,,,,,,1665.56550184,148605.68421619,1792850.8225415002,92734.67256951,,,,,
2014-07,2014-07-01,44,A14,million,168825.0,1065996.0,50915719.0,152667.97742685003,64662917.0,99081.23012301,89042.0,79783.0,1054863.0,11133.0,19613711.0,319766.0,50915719.0,1729.6125458200002,152667.97742685003,413919085.0,583123745.0,64662917.0,1855244.74176018,99081.23012301,,,,,,,,,,,,,,,,,1729.6125458200002,152667.97742685003,1855244.74176018,99081.23012301,,,,,
2014-08,2014-08-01,41,A14,million,170473.0,1018264.0,50541670.0,150789.79887055,67658774.0,104758.41197652002,89969.0,80504.0,1010698.0,7566.0,19778659.0,324137.0,50541670.0,1731.2048938099997,150789.79887055,424146541.0,587304093.0,67658774.0,1825383.1835338604,104758.41197652002,,,,,,,,,,,,,,,,,1731.2048938099997,150789.79887055,1825383.1835338604,104758.41197652002,,,,,
2014-09,2014-09-01,43,A14,million,172460.0,1097323.0,50174185.0,151843.48884949,64791285.0,97156.82805714004,91197.0,81263.0,1089763.0,7560.0,19884624.0,337585.0,50174185.0,1845.7666653,151843.48884949,432795287.0,592422384.0,64791285.0,1856186.87211217,97156.82805714004,,,,,,,,,,,,,,,,,1845.7666653,151843.48884949,1856186.87211217,97156.82805714004,,,,,
2014-10,2014-10-01,42,A14,million,173697.0,1111576.0,54575789.0,171203.91577805998,73637777.0,119563.37597816,91967.0,81730.0,1111228.0,348.0,19954598.0,349484.0,54575789.0,1933.21101318,171203.91577805998,441611701.0,601243824.0,73637777.0,1923009.6272952096,119563.37597816,,,,,,,,,,,,,,,,,1933.21101318,171203.91577805998,1923009.6272952096,119563.37597816,,,,,
2014-11,2014-11-01,45,A14,million,174859.0,1124156.0,48262297.0,149477.01108943,70075548.0,103477.56663067995,92778.0,82081.0,1123808.0,348.0,20141291.0,396812.0,48262297.0,2348.8307827800004,149477.01108943,466141520.0,565472961.0,70075548.0,1830827.779159,103477.56663067995,,,,,,,,,,,,,,,,,2348.8307827800004,149477.01108943,1830827.779159,103477.56663067995,,,,,
2014-12,2014-12-01,46,A14,million,176410.0,1058642.0,56091791.0,171865.26331802,73618740.0,111006.57221340998,93119.0,83291.0,1058294.0,348.0,20362859.0,438032.0,56091791.0,2505.7890452700003,171865.26331802,500080855.0,591056613.0,73618740.0,1897693.2828285503,111006.57221340998,,,,,,,,,,,,,,,,,2505.7890452700003,171865.26331802,1897693.2828285503,111006.57221340998,,,,,
2015-01,2015-01-01,47,A14,million,177401.0,1104557.0,56171747.0,173528.4029011,74464782.0,112952.28994317,94340.0,83061.0,1104211.0,346.0,20612165.0,410590.0,56171747.0,2144.1997981100003,173528.4029011,524787926.0,602575841.0,74464782.0,1924679.9399122004,112952.28994317,,,,,,,,,,,,,,,,,2144.1997981100003,173528.4029011,1924679.9399122004,112952.28994317,,,,,
2015-02,2015-02-01,48,A14,million,178747.0,1095356.0,49548431.0,154545.75524629,67901867.0,81639.21846267999,94983.0,83764.0,1095010.0,346.0,20857696.0,367535.0,49548431.0,1956.7786822000005,154545.75524629,538031734.0,570389206.0,67901867.0,1668064.606890679,81639.21846267999,,,,,,,,,,,,,,,,,1956.7786822000005,154545.75524629,1668064.606890679,81639.21846267999,,,,,
2015-03,2015-03-01,49,A14,million,181398.0,1126735.0,56906942.0,178987.96008910003,76105726.0,108283.19685710996,89061.0,92337.0,1126389.0,346.0,21110653.0,437278.0,56906942.0,2343.9831560800003,178987.96008910003,553451553.0,624205135.0,76105726.0,1987479.8379149705,108283.19685710996,,,,,,,,,,,,,,,,,2343.9831560800003,178987.96008910003,1987479.8379149705,108283.19685710996,,,,,
2015-04,2015-04-01,50,A14,million,182480.0,1125715.0,57304068.0,179215.73520972003,80124846.0,114991.05096413,90819.0,91661.0,1125377.0,338.0,21288891.0,430487.0,57304068.0,2285.6723704900005,179215.73520972003,564707913.0,615527057.0,80124846.0,2000398.17655186,114991.05096413,,,,,,,,,,,,,,,,,2285.6723704900005,179215.73520972003,2000398.17655186,114991.05096413,,,,,
2015-05,2015-05-01,51,A14,million,183887.0,1132120.0,60133308.0,188656.20458558,88969122.0,123253.16041845996,91299.0,92588.0,1131782.0,338.0,21480389.0,465309.0,60133308.0,2332.9320962700003,188656.20458558,570813794.0,636626458.0,88969122.0,2090730.6238707297,123253.16041845996,,,,,,,,,,,,,,,,,2332.9320962700003,188656.20458558,2090730.6238707297,123253.16041845996,,,,,
2015-06,2015-06-01,52,A14,million,185484.0,1137920.0,62197966.0,172227.35578390997,86632195.0,115287.71155042996,92200.0,93284.0,1137583.0,337.0,21641454.0,439308.0,62197966.0,2141.2562521500004,172227.35578390997,575756915.0,619469342.0,86632195.0,1976704.140790856,115287.71155042996,,,,,,,,,,,,,,,,,2141.2562521500004,172227.35578390997,1976704.140790856,115287.71155042996,,,,,
2015-07,2015-07-01,54,A14,million,187571.0,1165325.0,64787108.0,196111.95380500003,94969528.0,140072.01897144003,93790.0,93781.0,1164988.0,337.0,21948568.0,456733.0,64787108.0,2384.91434819,196111.95380500003,586803158.0,655171621.0,94969528.0,2077850.77790167,140072.01897144003,,,,,,,,,,,,,,,,,2384.91434819,196111.95380500003,2077850.77790167,140072.01897144003,,,,,
2015-08,2015-08-01,53,A14,million,189189.0,1191311.0,65524456.0,199128.14413850004,96740962.0,135564.45715325,95062.0,94127.0,1190974.0,337.0,22252641.0,470955.0,65524456.0,2444.2446242,199128.14413850004,598508555.0,672451148.0,96740962.0,2074417.52626868,135564.45715325,,,,,,,,,,,,,,,,,2444.2446242,199128.14413850004,2074417.52626868,135564.45715325,,,,,
2015-09,2015-09-01,55,A14,million,189844.0,1212227.0,62403815.0,190169.0480778,89958797.0,116611.38772014,95303.0,94541.0,1211890.0,337.0,22590856.0,475674.0,62403815.0,2464.73977813,190169.0480778,603512766.0,654822356.0,89958797.0,2020719.64964889,116611.38772014,,,,,,,,,,,,,,,,,2464.73977813,190169.0480778,2020719.64964889,116611.38772014,,,,,
2015-10,2015-10-01,56,A14,million,190859.0,1236933.0,68920504.0,216379.99583558,100428222.0,140375.62830509018,96130.0,94729.0,1236596.0,337.0,22880984.0,517198.0,68920504.0,2700.78480993,216379.99583558,615367242.0,702815440.0,100428222.0,2192662.8689365205,140375.62830509018,,,,,,,,,,,,,,,,,2700.78480993,216379.99583558,2192662.8689365205,140375.62830509018,,,,,
2015-11,2015-11-01,57,A14,million,192208.0,1270208.0,66041478.0,207688.40050768,99944365.0,148992.10262835008,96664.0,95544.0,1269871.0,337.0,22475500.0,489622.0,66041478.0,2580.95421996,207688.40050768,624626392.0,674582198.0,99944365.0,2151143.77328834,148992.10262835008,,,,,,,,,,,,,,,,,2580.95421996,207688.40050768,2151143.77328834,148992.10262835008,,,,,
2015-12,2015-12-01,58,A14,million,193768.0,1245447.0,69367262.0,211941.3824934,108118356.0,145831.9312107493,97793.0,95975.0,1245110.0,337.0,22748760.0,534094.0,69367262.0,2748.5275919500004,211941.3824934,643191224.0,708001000.0,108118356.0,2204614.9575650515,145831.9312107493,,,,,,,,,,,,,,,,,2748.5275919500004,211941.3824934,2204614.9575650515,145831.9312107493,,,,,
2016-01,2016-01-01,59,A14,million,196079.0,1337310.0,69676607.0,211734.74644273,109876461.0,146107.52947648,99775.0,96304.0,1336973.0,337.0,23782202.0,547789.0,69676607.0,2655.66268815,211734.74644273,653363198.0,707629136.0,109876461.0,2181881.52305958,146107.52947648,,,,,,,,,,,,,,,,,2655.66268815,211734.74644273,2181881.52305958,146107.52947648,,,,,
2016-02,2016-02-01,60,A14,million,197327.0,1363476.0,67074703.0,206383.55320577,105065898.0,129610.38978787996,100671.0,96656.0,1363148.0,328.0,24126523.0,558815.0,67074703.0,2699.49321954,206383.55320577,658378788.0,693637516.0,105065898.0,2140999.752933791,129610.38978787996,,,,,,,,,,,,,,,,,2699.49321954,206383.55320577,2140999.752933791,129610.38978787996,,,,,
2016-03,2016-03-01,61,A14,million,199099.0,1385668.0,72220394.0,226942.9850712,112868336.0,134631.90649853004,101950.0,97149.0,1385342.0,326.0,24505219.0,612531.0,72220394.0,2803.1696083,226942.9850712,661824092.0,731722405.0,112868336.0,2245821.74665781,134631.90649853004,,,,,,,,,,,,,,,,,2803.1696083,226942.9850712,2245821.74665781,134631.90649853004,,,,,
2016-04,2016-04-01,62,A14,million,199954.0,1403438.0,72827537.0,227246.28182444,118284077.0,148033.83090078,101826.0,98128.0,1403112.0,326.0,24860730.0,591865.0,72827537.0,2863.3717441799995,227246.28182444,671187187.0,733399002.0,118284077.0,2252098.446978551,148033.83090078,,,,,,,,,,,,,,,,,2863.3717441799995,227246.28182444,2252098.446978551,148033.83090078,,,,,
2016-05,2016-05-01,63,A14,million,200666.0,1418324.0,78475511.0,249599.9653473,133966059.0,155147.63174307998,102805.0,97861.0,1417998.0,326.0,25147902.0,581892.0,78475511.0,2843.5817473400007,249599.9653473,680010680.0,737569787.0,133966059.0,2202216.7188947494,155147.63174307998,,,,,,,,,,,,,,,,,2843.5817473400007,249599.9653473,2202216.7188947494,155147.63174307998,,,,,
2016-06,2016-06-01,64,A14,million,201335.0,1432727.0,76307286.0,239555.1259177,118203204.0,155005.41406486995,101346.0,99989.0,1432341.0,386.0,25543847.0,591054.0,76307286.0,2856.6815709200005,239555.1259177,691142157.0,732171388.0,118203204.0,2204475.45571272,155005.41406486995,,,,,,,,,,,,,,,,,2856.6815709200005,239555.1259177,2204475.45571272,155005.41406486995,,,,,
2016-07,2016-07-01,65,A14,million,201861.0,1443899.0,79440734.0,243414.14766841,129069978.0,170919.2347707,103282.0,98579.0,1443595.0,304.0,25943794.0,606314.0,79440734.0,2922.4069008700003,243414.14766841,697222455.0,752133454.0,129069978.0,2191650.697658041,170919.2347707,,,,,,,,,,,,,,,,,2922.4069008700003,243414.14766841,2191650.697658041,170919.2347707,,,,,
2016-08,2016-08-01,66,A14,million,202801.0,1461972.0,83954292.0,257485.54642148,130529004.0,183704.92582044,103651.0,99150.0,1461672.0,300.0,26378940.0,646950.0,83954292.0,3042.73951943,257485.54642148,712465787.0,756738440.0,130529004.0,2196575.01786466,183704.92582044,,,,,,,,,,,,,,,,,3042.73951943,257485.54642148,2196575.01786466,183704.92582044,,,,,
2016-09,2016-09-01,68,A14,million,204218.0,1480309.0,77928467.0,241977.11584184,125190417.0,159321.18069702,107008.0,97210.0,1477555.0,2754.0,26856758.0,602388.0,77928467.0,2852.50785719,241977.11584184,728195958.0,742134866.0,125190417.0,2219762.31697659,159321.18069702,,,,,,,,,,,,,,,,,2852.50785719,241977.11584184,2219762.31697659,159321.18069702,,,,,
2016-10,2016-10-01,67,A14,million,205151.0,1512068.0,88864901.0,299424.0082065999,140586967.0,219412.83516586,107420.0,97731.0,1511769.0,299.0,27344842.0,620905.0,88864901.0,2996.8013839500004,299424.0082065999,748278909.0,802064418.0,140586967.0,2547814.4746276494,219412.83516586,,,,,,,,,,,,,,,,,2996.8013839500004,299424.0082065999,2547814.4746276494,219412.83516586,,,,,
2016-11,2016-11-01,69,A14,million,205409.0,1590714.0,97911525.0,265593.99141370994,236466565.0,321742.7644943601,107489.0,97920.0,1590415.0,299.0,27783026.0,402919.0,97911525.0,1393.0397552200004,265593.99141370994,751197796.0,561355720.0,236466565.0,1234516.2282229897,321742.7644943601,,,,,,,,,,,,,,,,,1393.0397552200004,265593.99141370994,1234516.2282229897,321742.7644943601,,,,,
2016-12,2016-12-01,70,A14,million,205860.0,1767733.0,116082819.0,311491.18875443,415461956.0,580312.45734832,107758.0,98102.0,1766481.0,1252.0,28321039.0,375943.0,116082819.0,880.9108861300001,311491.18875443,764431356.0,630466234.0,415461956.0,849340.8646325101,580312.45734832,,,,,,,,,,,,,,,,,880.9108861300001,311491.18875443,849340.8646325101,580312.45734832,,,,,
2017-01,2017-01-01,71,A14,million,206609.0,2015847.0,112802575.0,327082.47903828503,328623459.0,490041.89896338,108403.0,98206.0,2013601.0,2246.0,28845858.0,440618.0,112802575.0,1539.2487672034497,327082.47903828503,778565537.0,712347249.0,328623459.0,1516436.7139827702,490041.89896338,,,,,,,,,,,,,,,,,1539.2487672034497,327082.47903828503,1516436.7139827702,490041.89896338,,,,,
2017-02,2017-02-01,72,A14,million,207402.0,2224977.0,94926631.0,287042.29146912,251749506.0,358433.65792642994,109001.0,98401.0,2222179.0,2798.0,29078655.0,423716.0,94926631.0,1909.81011562,287042.29146912,759421228.0,692567162.0,251749506.0,1928381.3054094804,358433.65792642994,,,,,,,,,,,,,,,,,1909.81011562,287042.29146912,1928381.3054094804,358433.65792642994,,,,,
2017-03,2017-03-01,73,A14,million,208354.0,2529141.0,107610258.0,333904.92524515005,271172292.0,356991.3226256902,109809.0,98545.0,2526342.0,2799.0,29842235.0,489248.0,107610258.0,2291.20053081,333904.92524515005,771649172.0,710108656.0,271172292.0,2259457.37591194,356991.3226256902,,,,,,,,,,,,,,,,,2291.20053081,333904.92524515005,2259457.37591194,356991.3226256902,,,,,
2017-04,2017-04-01,74,A14,million,207813.0,2614584.0,106578071.0,331429.03626548,272838572.0,380572.1556775897,109740.0,98073.0,2614584.0,0.0,30374102.0,481711.0,106578071.0,2327.23923882,331429.03626548,780795417.0,660321091.0,272838572.0,2168595.756706999,380572.1556775897,,,,,,,,,,,,,,,,,2327.23923882,331429.03626548,2168595.756706999,380572.1556775897,,,,,
2017-05,2017-05-01,75,A14,million,208476.0,2692986.0,115330492.0,361406.83778095,269845687.0,377777.9292448694,110116.0,98360.0,2692986.0,0.0,30856236.0,546400.0,115330492.0,2609.0275694399998,361406.83778095,790357565.0,655471690.0,269845687.0,2163917.7630019006,377777.9292448694,,,,,,,,,,,,,,,,,2609.0275694399998,361406.83778095,2163917.7630019006,377777.9292448694,,,,,
2017-06,2017-06-01,76,A14,million,208477.0,2776949.0,109471450.0,354832.25055854,259830740.0,380904.45959153,110385.0,98092.0,2776949.0,0.0,31477712.0,554992.0,109471450.0,2670.87152186,354832.25055854,797541881.0,667805951.0,259830740.0,2256928.1590641504,380904.45959153,,,,,,,,,,,,,,,,,2670.87152186,354832.25055854,2256928.1590641504,380904.45959153,,,,,
2017-07,2017-07-01,77,A14,million,208206.0,2840113.0,110762306.0,339297.4114637,261256191.0,351310.4547731105,110146.0,98060.0,2840113.0,0.0,32056929.0,613206.0,110762306.0,2848.50939639,339297.4114637,804051123.0,703913571.0,261256191.0,2270761.156995,351310.4547731105,,,,,,,,,,,,,,,,,2848.50939639,339297.4114637,2270761.156995,351310.4547731105,,,,,
2017-08,2017-08-01,78,A14,million,208111.0,2882422.0,115326572.0,362987.83513679,267623131.0,356653.83893843106,109232.0,98879.0,2882422.0,0.0,32645679.0,659263.0,115326572.0,3045.4693331400003,362987.83513679,810868624.0,718409781.0,267623131.0,2352957.18417627,356653.83893843106,,,,,,,,,,,,,,,,,3045.4693331400003,362987.83513679,2352957.18417627,356653.83893843106,,,,,
2017-09,2017-09-01,79,A14,million,207375.0,2900038.0,112632229.0,374654.6598671801,266361467.0,369320.78095034993,110196.0,97179.0,2900038.0,0.0,33342644.0,654546.0,112632229.0,3106.39062942,374654.6598671801,819762867.0,726417206.0,266361467.0,2419539.9033746705,369320.78095034993,,,,,,,,,,,,,,,,,3106.39062942,374654.6598671801,2419539.9033746705,369320.78095034993,,,,,
2017-10,2017-10-01,80,A14,million,206793.0,2958301.0,123363791.0,419389.77654095006,280003351.0,411404.0357159953,109949.0,96844.0,2958301.0,0.0,33870443.0,679823.0,123363791.0,3210.1329709,419389.77654095006,826254730.0,741867386.0,280003351.0,2533209.87441251,411404.0357159953,,,,,,,,,,,,,,,,,3210.1329709,419389.77654095006,2533209.87441251,411404.0357159953,,,,,
2017-11,2017-11-01,81,A14,million,206694.0,2998733.0,115900202.0,392962.00077627,270964291.0,365192.98442974186,109860.0,96834.0,2998733.0,0.0,34775605.0,687530.0,115900202.0,3204.00051298,392962.00077627,832888354.0,731332595.0,270964291.0,2492721.7060295097,365192.98442974186,,,,,,,,,,,,,,,,,3204.00051298,392962.00077627,2492721.7060295097,365192.98442974186,,,,,
2017-12,2017-12-01,82,A14,million,207036.0,3027382.0,123769158.0,418636.70547941,292388409.0,407602.9979925126,109908.0,97128.0,3027382.0,0.0,35496202.0,713363.0,123769158.0,3340.59919252,418636.70547941,842471191.0,761931584.0,292388409.0,2640389.161251339,407602.9979925126,,,,,,,,,,,,,,,,,3340.59919252,418636.70547941,2640389.161251339,407602.9979925126,,,,,
2018-01,2018-01-01,83,A14,million,206739.0,3061817.0,129980162.0,414371.52606218006,301374550.0,411026.86269162176,107659.0,99080.0,3061817.0,0.0,36238240.0,745019.0,129980162.0,3408.922730930001,414371.52606218006,846697494.0,741564703.0,301374550.0,2550216.7571253297,411026.86269162176,,,,,,,,,,,,,,,,,3408.922730930001,414371.52606218006,2550216.7571253297,411026.86269162176,,,,,
2018-02,2018-02-01,84,A14,million,206659.0,3079487.0,114753201.0,376597.3520909099,282007092.0,370366.3934550014,107630.0,99029.0,3079487.0,0.0,36935373.0,689402.0,114753201.0,3216.30150122,376597.3520909099,855445369.0,718276986.0,282007092.0,2474871.51199668,370366.3934550014,,,,,,,,,,,,,,,,,3216.30150122,376597.3520909099,2474871.51199668,370366.3934550014,,,,,
2018-03,2018-03-01,85,A14,million,207052.0,3083067.0,127292249.0,443080.58916311,318899139.0,418567.12923382,106776.0,100276.0,3083067.0,0.0,37484955.0,785732.0,127292249.0,3693.419101219999,443080.58916311,861076200.0,774943830.0,318899139.0,2663501.8085124604,418567.12923382,,,,,,,,,,,,,,,,,3693.419101219999,443080.58916311,2663501.8085124604,418567.12923382,,,,,
2018-04,2018-04-01,86,A14,million,205184.0,3193356.0,132318612.0,448369.7347007601,333766148.0,454571.3216744822,104011.0,101173.0,3193356.0,0.0,37782876.0,727175.0,132318612.0,3396.1486415799995,448369.7347007601,906465905.0,758938556.0,333766148.0,2647970.79590704,454571.3216744822,,,,,,,,,,,,,,,,,3396.1486415799995,448369.7347007601,2647970.79590704,454571.3216744822,,,,,
2018-05,2018-05-01,87,A14,million,206989.0,3247096.0,138290485.0,472847.65826348,352117113.0,468079.3550275644,107230.0,99759.0,3247096.0,0.0,38604630.0,748783.0,138290485.0,3500.192271109999,472847.65826348,923962038.0,748042005.0,352117113.0,2647507.5713547803,468079.3550275644,,,,,,,,,,,,,,,,,3500.192271109999,472847.65826348,2647507.5713547803,468079.3550275644,,,,,
2018-06,2018-06-01,88,A14,million,206409.0,3311184.0,135976847.0,462799.1535852687,358821967.0,479234.52083313005,108202.0,98207.0,3311184.0,0.0,39380747.0,748395.0,135976847.0,3528.0110992987,462799.1535852687,944273757.0,752711129.0,358821967.0,2680753.49461353,479234.52083313005,,,,,,,,,,,,,,,,,3528.0110992987,462799.1535852687,2680753.49461353,479234.52083313005,,,,,
2018-07,2018-07-01,89,A14,million,206254.0,3268817.0,145006210.0,477625.28117276006,367352976.0,483062.0272924033,108375.0,97879.0,3268817.0,0.0,40166013.0,804212.0,145006210.0,3723.19117043,477625.28117276006,962000213.0,781758131.0,367352976.0,2683759.66788364,483062.0272924033,,,,,,,,,,,,,,,,,3723.19117043,477625.28117276006,2683759.66788364,483062.0272924033,,,,,
2018-08,2018-08-01,90,A14,million,205665.0,3332484.0,144201787.0,479858.99700220994,357172130.0,489719.34280574496,107914.0,97751.0,3332484.0,0.0,41041092.0,839033.0,144201787.0,3862.3530391,479858.99700220994,980197288.0,805522146.0,357172130.0,2759761.3626223104,489719.34280574496,,,,,,,,,,,,,,,,,3862.3530391,479858.99700220994,2759761.3626223104,489719.34280574496,,,,,
2018-09,2018-09-01,91,A14,million,205866.0,3393396.0,138230471.0,461067.89017756,362438893.0,458007.9741580288,108197.0,97669.0,3393396.0,0.0,41775757.0,800216.0,138230471.0,3718.08696587,461067.89017756,982449131.0,798646330.0,362438893.0,2690597.2279980914,458007.9741580288,,,,,,,,,,,,,,,,,3718.08696587,461067.89017756,2690597.2279980914,458007.9741580288,,,,,
2018-10,2018-10-01,92,A14,million,204179.0,3450355.0,161064473.0,561835.00629321,392608041.0,541862.2370359005,106852.0,97327.0,3450355.0,0.0,42675239.0,908597.0,161064473.0,4182.30869963,561835.00629321,997105700.0,869635176.0,392608041.0,2933988.89586319,541862.2370359005,,,,,,,,,,,,,,,,,4182.30869963,561835.00629321,2933988.89586319,541862.2370359005,,,,,
2018-11,2018-11-01,93,A14,million,203918.0,3510859.0,145845853.0,516213.15313380014,375728777.0,539112.0572232256,106664.0,97254.0,3510859.0,0.0,43235366.0,800554.0,145845853.0,3760.88562238,516213.15313380014,992563471.0,840233143.0,375728777.0,2779001.738747972,539112.0572232256,,,,,,,,,,,,,,,,,3760.88562238,516213.15313380014,2779001.738747972,539112.0572232256,,,,,
2018-12,2018-12-01,94,A14,million,203266.0,3595912.0,158341891.0,542399.4225265599,386688194.0,530214.103072337,106412.0,96854.0,3595912.0,0.0,44213752.0,875230.0,158341891.0,4032.34906494,542399.4225265599,958150285.0,914307302.0,386688194.0,3139012.997819031,530214.103072337,,,,,,,,,,,,,,,,,4032.34906494,542399.4225265599,3139012.997819031,530214.103072337,,,,,
2019-01,2019-01-01,95,A14,million,203458.0,3657596.0,159565397.0,549517.35175749,373531187.0,505682.3042064264,106741.0,96717.0,3657596.0,0.0,45171042.0,863570.0,159565397.0,3942.71470856,549517.35175749,923395544.0,880481648.0,373531187.0,2661241.97254073,505682.3042064264,,,,,,,,,,,,,,,,,3942.71470856,549517.35175749,2661241.97254073,505682.3042064264,,,,,
2019-02,2019-02-01,96,A14,million,202842.0,3636851.0,141336179.0,484961.57532077,346481710.0,455089.0204514283,106562.0,96280.0,3636851.0,0.0,46061631.0,792599.0,141336179.0,3700.44057081,484961.57532077,930944419.0,817915222.0,346481710.0,2594307.339494909,455089.0204514283,,,,,,,,,,,,,,,,,3700.44057081,484961.57532077,2594307.339494909,455089.0204514283,,,,,
2019-03,2019-03-01,97,A14,million,202196.0,3722229.0,162411418.0,576638.13113164,407565680.0,530111.4896783,106380.0,95816.0,3722229.0,0.0,47088647.0,862737.0,162411418.0,3983.28321173,576638.13113164,905813162.0,891423739.0,407565680.0,2889992.1428348306,530111.4896783,,,,,,,,,,,,,,,,,3983.28321173,576638.13113164,2889992.1428348306,530111.4896783,,,,,
2019-04,2019-04-01,98,A14,million,207131.0,3757621.0,166920586.0,577140.3486608301,413080303.0,553508.7296321199,109644.0,97487.0,3757621.0,0.0,47996791.0,864856.0,166920586.0,4016.58188127,577140.3486608301,860294723.0,808909049.0,413080303.0,2843963.33910445,553508.7296321199,,,,,,,,,,,,,,,,,4016.58188127,577140.3486608301,2843963.33910445,553508.7296321199,,,,,
2019-05,2019-05-01,99,A14,million,206819.0,3845111.0,173153090.0,612824.6459541218,412530896.0,580468.0333396898,109718.0,97101.0,3845111.0,0.0,48920802.0,889516.0,173153090.0,4173.211374820001,612824.6459541218,800437073.0,815710204.0,412530896.0,2946667.5661874893,580468.0333396898,,,,,,,,,,,,,,,,,4173.211374820001,612824.6459541218,2946667.5661874893,580468.0333396898,,,,,
2019-06,2019-06-01,100,A14,million,206202.0,4068954.0,163233489.0,569284.15573061,412135421.0,574532.8766663598,109310.0,96892.0,4068954.0,0.0,49648103.0,812043.0,163233489.0,3883.62214923,569284.15573061,811944533.0,800484063.0,412135421.0,2834028.9397782,574532.8766663598,,,,,,,,,,,,,,,,,3883.62214923,569284.15573061,2834028.9397782,574532.8766663598,,,,,
2019-07,2019-07-01,101,A14,lakh,206780.0,4252850.0,178415705.0,596163.86228269,425640612.0,585450.70215207,109660.0,97120.0,4252850.0,0.0,50263911.0,865285.0,178415705.0,40916.8480474,5961638.6228269,815385724.0,816014770.0,425640612.0,28213275.12371772,5854507.021520699,,,,,,,,,,,,,,,,,4091.68480474,596163.86228269,2821327.512371772,585450.70215207,,,,,
2019-08,2019-08-01,102,A14,lakh,207144.0,4409250.0,179573229.0,596005.8946829999,429319260.0,580775.7605991251,109846.0,97298.0,4409250.0,0.0,51765489.0,857567.0,179573229.0,41033.43320719999,5960058.946829999,826130369.0,814308309.0,429319260.0,28744752.84023389,5807757.60599125,,,,,,,,,,,,,,,,,4103.343320719999,596005.8946829999,2874475.284023389,580775.7605991251,,,,,
2019-09,2019-09-01,103,A14,lakh,206589.0,4589727.0,179470522.0,594531.3255256101,414933634.0,557182.8649281784,109419.0,97170.0,4589727.0,0.0,52589719.0,817667.0,179470522.0,39218.5527742,5945313.255256101,835593848.0,794021516.0,414933634.0,27378642.501435984,5571828.649281783,,,,,,,,,,,,,,,,,3921.85527742,594531.3255256101,2737864.2501435988,557182.8649281784,,,,,
2019-10,2019-10-01,104,A14,lakh,207743.0,4825074.0,202809408.0,711561.4668084601,454995602.0,701263.2230833196,110425.0,97318.0,4825074.0,0.0,53358641.0,833239.0,202809408.0,41518.798050100006,7115614.6680846,843622237.0,859039468.0,454995602.0,31563179.890669294,7012632.230833196,,,,,,,,,,,,,,,,,4151.87980501,711561.4668084601,3156317.9890669296,701263.2230833196,,,,,
2019-11,2019-11-01,105,A14,lakh,209605.0,4128351.0,182493272.0,601302.4837705133,423585571.0,575896.7663628258,112255.0,97350.0,4128351.0,0.0,54410765.0,800153.0,182493272.0,38120.58845086949,6013024.837705133,830758590.0,624014269.5313482,423585571.0,28157035.428163435,5758967.663628257,,,,,,,,,,,,,,,,,3812.0588450869495,601302.4837705133,2815703.542816344,575896.7663628258,,,,,
2019-12,2019-12-01,106,A14,lakh,209639.0,4248777.0,204968027.0,661864.0229855101,451159082.0,619978.0735151054,112458.0,97181.0,4248777.0,0.0,55332847.0,892582.0,204968027.0,42263.9197436,6618640.2298551,805324206.0,646212550.0,451159082.0,29042372.00549661,6199780.735151054,,,,,,,,,,,,,,,,,4226.391974360001,661864.0229855101,2904237.200549661,619978.0735151054,,,,,
2020-01,2020-01-01,107,A14,lakh,210263.0,4291612.0,202928825.0,670022.4755977201,458447093.0,621535.2857335801,112944.0,97319.0,4291612.0,0.0,56120245.0,854729.0,202928825.0,39999.8945486,6700224.7559772,816726429.0,650446916.0,458447093.0,29505510.835175965,6215352.857335801,,,,,,,,,,,,,,,,,3999.98945486,670022.4755977201,2950551.0835175966,621535.2857335801,,,,,
2020-02,2020-02-01,108,A14,lakh,210841.0,4370702.0,189500958.0,625230.94263861,429678771.0,578405.1227084702,113393.0,97448.0,4370702.0,0.0,57158090.0,798668.0,189500958.0,37983.7372766,6252309.4263861,823022953.0,615719444.0,429678771.0,28277727.492699303,5784051.227084702,,,,,,,,,,,,,,,,,3798.37372766,625230.94263861,2827772.74926993,578405.1227084702,,,,,
2020-03,2020-03-01,109,A14,lakh,210760.0,4434514.0,164669913.0,506964.9766452201,363203523.0,476461.5444367701,113271.0,97489.0,4434514.0,0.0,57745105.0,755039.0,164669913.0,36037.73908390001,5069649.766452201,828561639.0,541624607.0,363203523.0,24809660.3911801,4764615.444367701,,,,,,,,,,,,,,,,,3603.773908390001,506964.9766452201,2480966.03911801,476461.5444367701,,,,,
2020-04,2020-04-01,110,A14,lakh,210195.0,4391929.0,77124451.0,208581.74856509,208271816.0,229981.58774719996,112876.0,97319.0,4391929.0,0.0,57360145.0,368138.0,77124451.0,15931.8980473,2085817.4856509,829446698.0,294186684.0,208271816.0,12891744.5272857,2299815.8774719997,,,,,,,,,,,,,,,,,1593.18980473,208581.74856509,1289174.4527285702,229981.58774719996,,,,,
2020-05,2020-05-01,111,B16,lakh,210415.0,4322169.0,103129469.0,322708.62589381007,268563775.0,376215.52422783,113210.0,97205.0,4322169.0,0.0,57179899.0,276473.0,103129469.0,14155.414686699996,3227086.2589381,835349120.0,406784106.0,268563775.0,19576126.667021494,3762155.2422783,,,398040.0,2059417.0,,,,,,,,,,,,,1415.5414686699996,322708.62589381007,1957612.66670215,376215.52422783,,,,,
2020-06,2020-06-01,112,B16,lakh,210478.0,4325830.0,125170869.0,428181.32921961,302088132.0,472555.26960436144,113350.0,97128.0,4325830.0,0.0,57289033.0,323585.0,125170869.0,16361.411464999996,4281813.2921961,845414384.0,470430102.0,302088132.0,22930259.863006894,4725552.696043614,,,409980.0,2151421.0,,,,,,,,,,,,,1636.1411465,428181.32921961,2293025.9863006896,472555.26960436144,,,,,
2020-07,2020-07-01,113,B16,lakh,209989.0,4357123.0,132321200.0,455676.37909462,318383225.0,498398.18309291976,113577.0,96412.0,4357123.0,0.0,57632047.0,330114.0,132321200.0,16698.219901399996,4556763.7909462,852355001.0,467025054.0,318383225.0,23182775.6422562,4983981.830929197,,,439706.0,2236878.0,,,,,,,,,,,,,1669.8219901399998,455676.37909462,2318277.56422562,498398.18309291976,,,,,
2020-08,2020-08-01,114,B16,lakh,209110.0,4355180.0,142898722.0,503190.62843499007,340869732.0,542771.3775319407,112968.0,96142.0,4355180.0,0.0,57830597.0,366552.0,142898722.0,18380.191819299995,5031906.284349901,858710451.0,484310720.0,340869732.0,23617104.8234157,5427713.775319407,,,441178.0,2299411.0,,,,,,,,,,,,,1838.01918193,503190.62843499007,2361710.4823415703,542771.3775319407,,,,,
2020-09,2020-09-01,115,B16,lakh,210049.0,4423465.0,149059215.0,511396.68804489006,352878514.0,548470.4017653014,113981.0,96068.0,4423465.0,0.0,58694212.0,437052.0,149059215.0,21700.9310919,5113966.8804489,865435000.0,504702374.0,352878514.0,24084203.482158605,5484704.017653014,,,461625.0,2396252.0,,,,,,,,,,,,,2170.09310919,511396.68804489006,2408420.348215861,548470.4017653014,,,,,
2020-10,2020-10-01,116,B16,lakh,209881.0,4581333.0,171802593.0,646514.8133680141,395324498.0,685908.7655261019,114285.0,95596.0,4581333.0,0.0,59419834.0,485208.0,171802593.0,24048.16529825,6465148.133680141,874165072.0,563516490.0,395324498.0,26842593.2942704,6859087.655261019,,,489603.0,2604546.0,,,,,,,,,,,,,2404.816529825,646514.8133680141,2684259.32942704,685908.7655261019,,,,,
2020-11,2020-11-01,117,B16,lakh,209282.0,4576740.0,166257081.0,623497.1611095412,378977263.0,673566.269928261,114475.0,94807.0,4576740.0,0.0,60113014.0,464824.0,166257081.0,23132.88137275,6234971.611095412,892702010.0,586452997.0,378977263.0,27755686.668683007,6735662.69928261,,,497186.0,3045650.0,,,,,,,,,,,,,2313.288137275,623497.1611095412,2775568.666868301,673566.269928261,,,,,
2020-12,2020-12-01,118,B16,lakh,208480.0,5784631.0,174207947.0,636005.6516988301,382247547.0,650926.70224377,114045.0,94435.0,5784631.0,0.0,60397171.0,502048.0,174207947.0,24668.9084284,6360056.516988301,885659754.0,580060844.0,382247547.0,27050570.21900209,6509267.022437699,,,496510.0,3199878.0,,,,,,,,,,,,,2466.89084284,636005.6516988301,2705057.0219002096,650926.70224377,,,,,
2021-01,2021-01-01,119,B16,lakh,209344.0,4654521.0,174418900.0,647370.29673209,374498966.0,630174.2817737799,114588.0,94756.0,4654521.0,0.0,61097889.0,504747.0,174418900.0,25111.347710100003,6473702.9673209,888065146.0,581666092.0,374498966.0,27049183.406488307,6301742.817737798,,,512004.0,3360228.0,,,,,,,,,,,,,2511.1347710100003,647370.29673209,2704918.340648831,630174.2817737799,,,,,
2021-02,2021-02-01,120,B16,lakh,209840.0,4714916.0,161376998.0,601044.85658033,345831686.0,587832.6841278899,114388.0,95452.0,4714916.0,0.0,61647183.0,498184.0,161376998.0,25347.7645529,6010448.565803299,894001925.0,550914493.0,345831686.0,25865758.208882608,5878326.8412788985,,,511761.0,3492106.0,,,,,,,,,,,,,2534.77645529,601044.85658033,2586575.820888261,587832.6841278899,,,,,
2021-03,2021-03-01,121,B16,lakh,213575.0,4720077.0,188726583.0,723187.64904536,377433789.0,668193.4356276002,115605.0,97970.0,4720077.0,0.0,62049087.0,592315.0,188726583.0,30663.8762651,7231876.4904536,898201796.0,601188008.0,377433789.0,28463552.519779906,6681934.356276001,,,543055.0,3569890.0,,,,,,,,,,,,,3066.38762651,723187.64904536,2846355.2519779904,668193.4356276002,,,,,
2021-04,2021-04-01,122,B16,lakh,214459.0,4524724.0,157531178.0,590490.68604906,322525449.0,557387.4737139697,115775.0,98684.0,4524724.0,0.0,62260420.0,509777.0,157531178.0,25842.2893732,5904906.8604906,900500492.0,522929814.0,322525449.0,25495236.24168479,5573874.737139697,,,551116.0,4028012.0,,,,,,,,,,,,,2584.22893732,590490.68604906,2549523.62416848,557387.4737139697,,,,,
2021-05,2021-05-01,123,B16,lakh,214654.0,4520278.0,134472696.0,520138.136800372,256779645.0,428202.02105389,110623.0,104031.0,4520278.0,0.0,62393434.0,365460.0,134472696.0,18642.6794052,5201381.36800372,901971345.0,414654232.0,256779645.0,20248507.220004316,4282020.2105389,,,562010.0,4021919.0,,,,,,,,,,,,,1864.26794052,520138.136800372,2024850.7220004315,428202.02105389,,,,,
2021-06,2021-06-01,124,B16,lakh,213766.0,4593265.0,154700561.0,627459.6148098536,294645257.0,505762.3174553199,115552.0,98214.0,4593265.0,0.0,62815482.0,431828.0,154700561.0,21870.588677400003,6274596.148098536,905631469.0,473935555.0,294645257.0,22919189.140823398,5057623.174553199,,,590959.0,4082995.0,,,,,,,,,,,,,2187.058867740001,627459.6148098536,2291918.9140823395,505762.3174553199,,,,,
2021-07,2021-07-01,125,B16,lakh,213433.0,4607703.0,182048394.0,748846.7088198398,340400346.0,605987.3795128799,115284.0,98149.0,4607703.0,0.0,63414463.0,474418.0,182048394.0,23526.2685973,7488467.088198397,905629313.0,535221195.0,340400346.0,25431216.914415505,6059873.795128798,,,611170.0,4250836.0,,,,,,,,,,,,,2352.62685973,748846.7088198398,2543121.691441551,605987.3795128799,,,,,
2021-08,2021-08-01,126,B16,lakh,213570.0,4816066.0,190470198.0,777329.37054674,358583785.0,643515.1839675,116105.0,97465.0,4816066.0,0.0,63934371.0,501945.0,190470198.0,24823.06871510001,7773293.7054674,911042717.0,566033176.0,358583785.0,26303305.77894989,6435151.839674999,,,631055.0,4351569.0,,,,,,,,,,,,,2482.3068715100007,777329.37054674,2630330.5778949894,643515.1839675,,,,,
2021-09,2021-09-01,127,B16,lakh,213145.0,4976716.0,184720412.0,802276.8614081101,348779858.0,620738.8685207994,115762.0,97383.0,4976716.0,0.0,65025075.0,498753.0,184720412.0,24950.817747599,8022768.614081101,919383882.0,551639171.0,348779858.0,25732206.128347605,6207388.685207995,,,649671.0,4374057.0,,,,,,,,,,,,,2495.0817747599003,802276.8614081101,2573220.612834761,620738.8685207994,,,,,
2021-10,2021-10-01,128,B16,lakh,212997.0,5155025.0,215581145.0,1009427.6912642298,384982370.0,759371.0232998207,115427.0,97570.0,5155025.0,0.0,66360808.0,564345.0,215581145.0,28586.9336646,10094276.912642298,932833548.0,600559852.0,384982370.0,28917728.998909995,7593710.232998206,,,670515.0,4435785.0,,,,,,,,,,,,,2858.69336646,1009427.6912642298,2891772.899891,759371.0232998207,,,,,
2021-11,2021-11-01,129,B16,lakh,212718.0,5292489.0,201116167.0,892168.1430357101,340392618.0,666029.8031866804,114973.0,97745.0,5292489.0,0.0,67582583.0,545710.0,201116167.0,27587.966296100003,8921681.4303571,934007125.0,566090747.0,340392618.0,27106039.3404866,6660298.031866804,,,692615.0,4542458.0,,,,,,,,,,,,,2758.7966296100003,892168.1430357101,2710603.93404866,666029.8031866804,,,,,
2021-12,2021-12-01,130,B16,lakh,213037.0,5498311.0,211258456.0,939072.12597509,349550742.0,659485.5564828005,116001.0,97036.0,5498311.0,0.0,68948699.0,590456.0,211258456.0,29523.03320265,9390721.2597509,937741694.0,589655460.0,349550742.0,27967659.2172149,6594855.564828005,,,726949.0,4647262.0,,,,,,,,,,,,,2952.303320265,939072.12597509,2796765.92172149,659485.5564828005,,,,,
2022-01,2022-01-01,131,B16,lakh,213792.0,5619986.0,195805022.0,877684.9906520902,318760886.0,594947.6782497402,116632.0,97160.0,5619986.0,0.0,70252069.0,548917.0,195805022.0,26941.20764695001,8776849.906520901,940928583.0,552712647.0,318760886.0,26167402.610902704,5949476.782497401,,,777807.0,4696600.0,,,,,,,,,,,,,2694.1207646950006,877684.9906520902,2616740.2610902707,594947.6782497402,,,,,
2022-02,2022-02-01,132,B16,lakh,214476.0,5833870.0,188423247.0,860409.9516911801,295201932.0,565761.7951211897,116777.0,97699.0,5833870.0,0.0,71707614.0,530025.0,188423247.0,26376.4201811,8604099.516911801,935065914.0,526952629.0,295201932.0,25573223.294001702,5657617.951211897,,,850608.0,4827104.0,,,,,,,,,,,,,2637.64201811,860409.9516911801,2557322.3294001706,565761.7951211897,,,,,
2022-03,2022-03-01,133,C26,thousand,215061.0,6070142.0,223751212.0,1071067.3616513498,327518914.0,640518.6540062403,116794.0,98267.0,,,73627330.0,679817.0,113433127.0,3437546.50229,387769470.3683679,917665707.0,592787053.0,207845477.0,2858925535.352309,407699961.0678502,,,915834.0,4971779.0,6070142.0,172733615.0,110317334.0,683297493.4377021,751.0,397.84528,118976736.0,226873630.88633013,696701.0,5945062.05206,221118.0,213145.9799,3437.54650229,387769.4703683679,2858925.535352309,407699.9610678502,683297.4934377021,0.39784528,226873.63088633007,5945.06205206,213.1459799
2022-04,2022-04-01,134,C26,thousand,217623.0,6126144.0,222930163.0,1054592.0274703796,331186797.0,650616.72886046,119727.0,97896.0,,,75166069.0,612235.0,115287191.25,3026702.0772999995,398068196.4599903,920517551.0,579296526.0,213176926.0,2850111243.4144096,435297380.4814274,,,948440.0,4090174.0,6126144.0,180721191.0,107641573.75,656522886.4010992,1398.0,944.60929,117379834.0,210068188.1581925,630037.0,5251160.220840001,223737.0,219157.51848000003,3026.7020772999995,398068.1964599903,2850111.24341441,435297.3804814274,656522.8864010993,0.94460929,210068.1881581925,5251.160220840001,219.15751848
2022-05,2022-05-01,135,C26,thousand,217853.0,6169175.0,237803107.0,1136935.9417318795,331564775.0,657999.0753064301,120044.0,97809.0,,,76876980.0,664475.0,122026225.0,3280777.33876,422656125.6614599,917621280.0,582901359.0,215028115.0,2788327767.0907702,442725481.1982201,,,1013016.0,4138046.0,6169175.0,188116325.0,115775269.0,714278960.5804195,1613.0,855.49,115871531.0,209790123.12062997,665129.0,5483470.98758,220175.0,216438.29381000003,3280.77733876,422656.1256614599,2788327.7670907704,442725.48119822016,714278.9605804195,0.85549,209790.12312062996,5483.47098758,216.43829381000003
2022-06,2022-06-01,136,C26,thousand,217688.0,6590890.0,227945728.0,1087516.3364999695,308998653.0,608847.9270538996,120241.0,97447.0,,,78722617.0,678762.0,121050714.0,3356634.31902,404655133.3421567,915451104.0,569079212.0,201227015.0,2699354714.8743906,398705704.5023524,,,1071631.0,4280392.0,6590890.0,195291415.0,106893403.0,682860226.7413026,1611.0,976.41651,107067495.0,204557516.7241273,704143.0,5584705.827420001,227220.0,223550.60511,3356.63431902,404655.1333421567,2699354.7148743905,398705.7045023524,682860.2267413026,0.97641651,204557.5167241273,5584.705827420001,223.55060511
2022-07,2022-07-01,137,C26,thousand,217857.0,6819488.0,234833761.0,1158557.3151135119,313346528.0,645149.6147973799,120659.0,97198.0,,,80255722.0,695063.0,122069302.0,3424041.6252599987,417666189.5472098,928134494.0,573551845.0,205226473.0,2706090481.9931703,411975861.7472078,,,1135832.0,4521093.0,6819488.0,201301640.0,112763160.0,740890420.0785221,1299.0,705.4877799999999,107458644.0,228462375.95918217,661411.0,4711377.090990001,224677.0,219851.47346,3424.041625259999,417666.1895472098,2706090.4819931705,411975.8617472078,740890.4200785221,0.7054877799999999,228462.3759591822,4711.377090990001,219.85147346
2022-08,2022-08-01,138,C26,thousand,217187.0,7057534.0,244783112.0,1123575.5615745701,303346938.0,621586.55007326,119970.0,97217.0,,,77991469.0,746240.0,133053592.0,3586295.6604100005,449431654.6887496,935025959.0,572384459.0,200983045.5,2672887498.11409,405524363.7098875,,,1170609.0,4749103.0,7057534.0,209254445.0,111728337.0,674143276.6921904,1183.0,630.19363,101732781.5,211595390.4754725,631111.0,4466795.8879,216150.0,207066.36436,3586.2956604100004,449431.6546887496,2672887.49811409,405524.3637098875,674143.2766921904,0.63019363,211595.3904754725,4466.7958879,207.06636436
2022-09,2022-09-01,139,C26,thousand,217308.0,7035017.0,245305576.0,1220938.35733839,289937815.0,612039.1422739503,120236.0,97072.0,,,77701744.0,722457.0,131162791.0,3505243.48069,449687809.00956017,938537898.0,568415012.0,188757942.0,2637652332.51704,380931940.40843016,,,1242683.0,4864347.0,7035017.0,216429798.0,114141372.0,771249823.7993,1413.0,724.52953,100578125.0,226690059.80834,601748.0,4417142.0571800005,266937.0,337325.0457299999,3505.24348069,449687.80900956015,2637652.3325170395,380931.9404084302,771249.8237993,0.7245295300000001,226690.05980834,4417.142057180001,337.3250457299999
2022-10,2022-10-01,140,C26,thousand,216981.0,7211092.0,255401954.0,1290482.018904681,296237803.0,669502.9363891202,120234.0,96747.0,,,79367754.0,767402.0,140050765.0,3746522.28222,511834752.36591065,944231664.0,607830447.0,204527467.0,2905565899.65747,460164836.83469015,,,1290549.0,4719014.0,7211092.0,225322711.0,115349974.0,778644493.6387703,1215.0,2772.9000000000005,91378059.0,205708059.4477,332277.0,3630040.10673,210778.0,207393.63265,3746.52228222,511834.7523659107,2905565.89965747,460164.8368346902,778644.4936387703,2.772900000000001,205708.05944770004,3630.04010673,207.39363265
2022-11,2022-11-01,141,C26,thousand,216981.0,7351681.0,234773323.0,1147939.4850441099,260828281.0,555936.7685485401,120234.0,96747.0,,,80606319.0,759257.0,127599426.0,3668416.35792,434559910.8622999,947728880.0,556842372.0,177946232.0,2641803820.8489904,372383619.09426,,,1334449.0,4824864.0,7351681.0,230287297.0,107172526.0,713377298.7988099,1371.0,2275.3830000000003,82684963.0,180407281.04754004,197086.0,3145868.40674,226326.0,221022.17273000005,3668.41635792,434559.9108622999,2641803.8208489907,372383.61909426,713377.2987988099,2.275383,180407.28104754005,3145.86840674,221.02217273000005
2022-12,2022-12-01,142,C26,thousand,217092.0,7550065.0,255646505.0,1265236.8982179002,266710247.0,586260.39558742,120727.0,96365.0,,,81186874.0,812830.0,140578775.0,3920545.47736,486110771.81548005,939465892.0,585032896.0,185932815.0,2789271573.00544,395737643.0600701,,,1419271.0,4958536.0,7550065.0,236181825.0,115066259.0,779122988.32562,1471.0,3138.0768,80573071.0,187299782.37742996,204361.0,3222970.14992,235640.0,231550.1774,3920.54547736,486110.7718154801,2789271.57300544,395737.6430600701,779122.9883256201,3.1380768,187299.78237742995,3222.97014992,231.5501774
2023-01,2023-01-01,143,C26,thousand,218137.0,7657412.0,259352054.0,1276823.95559395,251009094.0,557779.52746862,121894.0,96243.0,,,82452029.0,812571.0,140918856.0,3854950.9337400007,489340711.0686895,945581088.0,570948261.0,174250574.0,2705953436.5441794,375204272.42989,,,1474548.0,5057494.0,7657412.0,244234238.0,118431487.0,787480908.4974605,1711.0,2336.0278,76582588.0,179669527.69856003,175932.0,2905727.34017,242054.0,238065.51396,3854.950933740001,489340.7110686895,2705953.4365441795,375204.27242989,787480.9084974605,2.3360278,179669.52769856004,2905.7273401700004,238.06551396
2023-02,2023-02-01,144,C26,thousand,217913.0,7758264.0,232320224.0,1186843.2366224811,226531060.0,496933.8549082198,121944.0,95969.0,,,83365756.0,738842.0,125588235.0,3578164.9799299943,446108351.02574855,954121549.0,543346477.0,158194739.0,2620977989.910996,334322143.3702,,,1559440.0,5222330.0,7758264.0,250089414.0,106728670.0,740732046.3656127,3319.0,2839.23112,68168243.0,159844404.0332698,168078.0,2767307.5047500003,216186.0,214139.07353999995,3578.1649799299944,446108.3510257485,2620977.989910996,334322.1433702,740732.0463656128,2.83923112,159844.4040332698,2767.3075047500006,214.13907354
2023-03,2023-03-01,145,C26,thousand,219506.0,7789512.0,263428980.0,1373111.2690463793,238249573.0,537240.1582340004,123613.0,95893.0,,,85303238.0,826490.0,140459965.0,4015224.808069996,509202003.09136885,961258764.0,587888749.0,165234771.0,2849490246.4869146,352222280.2045704,,,1610556.0,5382044.0,7789512.0,256376760.0,122967531.0,863905960.3583105,1484.0,3305.5967,72836380.0,181984447.64642003,178422.0,3033430.38301,230733.0,225508.13348,4015.224808069996,509202.0030913689,2849490.246486915,352222.28020457044,863905.9603583105,3.3055967,181984.44764642004,3033.43038301,225.50813348
2023-04,2023-04-01,146,C26,thousand,219440.0,7837235.0,259255046.0,1327685.071995084,229538468.0,546273.8935237303,123701.0,95739.0,,,86512698.0,749303.0,140820010.0,3567584.16777,516244510.70458347,967011806.0,566730618.0,163395553.0,2812477740.6870146,376469544.3419204,,,1427883.0,5435545.0,7837235.0,260907677.0,118433877.0,811438057.2337006,1159.0,2504.0568,65986012.0,167176074.14948997,156903.0,2628275.03232,208814.0,207348.25677,3567.58416777,516244.5107045835,2812477.7406870145,376469.5443419204,811438.0572337006,2.5040568,167176.07414948998,2628.27503232,207.34825677
2023-05,2023-05-01,147,C26,thousand,219534.0,7960626.0,273474265.0,1406595.9945119668,223976702.0,527759.05592956,123968.0,95566.0,,,87747311.0,772941.0,141998076.0,3662774.07356,508109901.9130343,973926235.0,565590831.0,159287361.0,2780804965.333754,355887813.51593006,,,1465633.0,5545430.0,7960626.0,266757057.0,131474830.0,898482696.5749326,1359.0,3396.0240000000003,64520614.0,169137959.1784199,168727.0,2733283.23521,231260.0,227316.37454,3662.774073560001,508109.9019130343,2780804.965333754,355887.8135159301,898482.6965749325,3.3960240000000006,169137.9591784199,2733.2832352099995,227.31637454
2023-06,2023-06-01,148,C26,thousand,219540.0,8093909.0,262904944.0,1372343.388808645,210223617.0,510493.46831379,124610.0,94930.0,,,88682356.0,743437.0,137870682.0,3520918.64121,488540583.9629632,975833131.0,554042939.0,149966109.0,2726429595.896111,337784725.39617,,,1495632.0,5688369.0,8093909.0,272015427.0,125033138.0,883798510.9366819,1124.0,4293.909,60094465.0,170129260.21455997,163043.0,2579482.70306,228773.0,226747.2173,3520.91864121,488540.5839629632,2726429.595896111,337784.72539617,883798.5109366819,4.293908999999999,170129.26021455997,2579.4827030600004,226.7472173
2023-07,2023-07-01,149,C26,thousand,217985.0,8122659.0,278089890.0,1451083.2019364825,210131454.0,533131.3296313699,124035.0,93950.0,,,89873251.0,757911.0,143420966.0,3569291.598339999,497894278.4814429,970740526.0,555398241.0,148520969.0,2678698795.2706647,335125028.7059399,,,1536551.0,5805513.0,8122659.0,280725218.0,134667574.0,953185939.6740396,1350.0,2983.781,61443583.0,195390976.9714701,166902.0,2615323.953959999,222629.0,218174.25854000004,3569.2915983399994,497894.27848144295,2678698.7952706646,335125.0287059399,953185.9396740396,2.983781,195390.97697147008,2615.323953959999,218.17425854000004
2023-08,2023-08-01,150,C26,thousand,219031.0,8246614.0,290577652.0,1486020.0749765043,207594100.0,526796.6827570302,125097.0,93934.0,,,91278257.0,808514.0,152079075.0,3827756.729949999,529607048.8523627,978056921.0,568510399.0,149572454.0,2716116833.697455,346046101.9672104,,,1529170.0,5899351.0,8246614.0,288164224.0,138497498.0,956410335.7381414,1079.0,2690.3860000000004,57865140.0,178391387.89403984,156506.0,2359192.89578,124994.0,121689.71975,3827.756729949999,529607.0488523627,2716116.833697455,346046.1019672104,956410.3357381414,2.6903860000000006,178391.38789403986,2359.19289578,121.68971975
2023-09,2023-09-01,151,C26,thousand,219281.0,8303183.0,273942907.0,1423195.5073516162,183904344.0,468664.3859995298,125530.0,93751.0,,,93017482.0,785303.0,142095530.0,3798680.262120001,494403619.5963852,978286201.0,534069516.0,132578787.0,2590719255.027477,305117306.9992199,,,1487340.0,5981788.0,8303183.0,295005751.0,131846363.0,928789748.5022308,1014.0,2139.253,51173127.0,161272720.62549987,152430.0,2274358.3748100004,95914.0,91856.53913999998,3798.68026212,494403.6195963852,2590719.2550274767,305117.3069992199,928789.7485022309,2.139253,161272.72062549987,2274.3583748100004,91.85653913999998
2023-10,2023-10-01,152,C26,thousand,219740.0,8348085.0,320047713.0,1785691.267835974,190423479.0,521011.40902639006,125969.0,93771.0,,,94710817.0,853926.0,159674344.0,4126373.247430001,577743547.8377056,980170746.0,568338459.0,137528480.0,2762893257.901008,337308256.54672027,,,1530287.0,5974796.0,8348085.0,301720198.0,160372331.0,1207944028.0782683,1038.0,3691.92,52743879.0,181388555.9956698,151120.0,2314596.4840000006,84182.0,82649.97611000002,4126.37324743,577743.5478377056,2762893.257901008,337308.2565467203,1207944.0280782685,3.69192,181388.55599566983,2314.5964840000006,82.64997611000003
2023-11,2023-11-01,153,C26,thousand,219946.0,8432188.0,297089633.0,1606439.6588113313,177165904.0,493941.51362115017,126210.0,93736.0,,,96001382.0,789341.0,158365586.0,3912313.82343,590149316.4295542,976569441.0,550575141.0,130194738.0,2750323988.4505086,343791944.9955802,,,1587203.0,5874077.0,8432188.0,308738854.0,138723117.0,1016287097.1267772,930.0,3245.255,46821493.0,147946512.32241002,149673.0,2203056.30316,74817.0,72921.46748,3912.31382343,590149.3164295543,2750323.988450509,343791.9449955802,1016287.0971267772,3.245255,147946.51232241,2203.0563031599995,72.92146748
2023-12,2023-12-01,154,C26,thousand,219882.0,8567404.0,321499532.0,1651192.3511003016,176815640.0,479345.19404202985,126211.0,93671.0,,,97904611.0,818924.0,170670440.0,4049606.84061,583001774.8197943,960880694.0,542847035.0,130159292.0,2678425035.82792,322253492.63097984,,,1688558.0,5956884.0,8567404.0,317065667.0,150827992.0,1068185709.2625072,1100.0,4867.018,46503231.0,154843192.21735004,153117.0,2248509.1937000006,66002.0,64043.096,4049.60684061,583001.7748197943,2678425.03582792,322253.49263097986,1068185.7092625073,4.867018,154843.19221735004,2248.5091937000007,64.043096
2024-01,2024-01-01,155,C26,thousand,219628.0,8593226.0,328951519.0,1664439.3366658587,164467530.0,454865.7353270101,126247.0,93381.0,,,99500257.0,826371.0,172558618.0,4036801.49724,585317660.7577136,957565545.0,527218696.0,119317514.0,2593263251.58527,303834070.3652101,,,1760454.0,6003737.0,8593226.0,321379274.0,156391490.0,1079116179.804145,1411.0,5496.104,45014041.0,148826173.04825994,135975.0,2205491.91354,63943.0,61194.40137,4036.801497240001,585317.6607577136,2593263.25158527,303834.0703652101,1079116.1798041454,5.496104000000001,148826.17304825995,2205.49191354,61.19440137
2024-02,2024-02-01,156,C26,thousand,219227.0,8773202.0,311244411.0,1492063.7036630192,152247458.0,414520.71879960113,126250.0,92977.0,,,100600166.0,791056.0,161850185.0,3953454.9289,544314785.5598793,960670824.0,513916828.0,110896022.0,2558089366.380881,279180822.91472113,,,1701087.0,6149634.0,8773202.0,337180260.0,149392822.0,947743106.6239,1404.0,5811.479240000001,41226929.0,133235416.06167,124507.0,2104479.823210001,53399.0,50741.88082,3953.4549289,544314.7855598793,2558089.366380881,279180.82291472115,947743.1066239,5.811479240000001,133235.41606167,2104.479823210001,50.74188082
2024-03,2024-03-01,157,C26,thousand,218815.0,8902926.0,343937776.0,1644590.7655830702,159475140.0,447489.47392683034,126116.0,92699.0,,,101802736.0,883449.0,180004266.0,4456568.169179997,603781571.6728393,964919399.0,552862640.0,116377339.0,2767138388.535239,293090056.61081034,,,1755119.0,6250196.0,8902926.0,343492584.0,163932278.0,1040804761.8012308,1232.0,4432.109,42968320.0,152138019.29573,129481.0,2261398.02029,51394.0,49858.70009000001,4456.568169179997,603781.5716728393,2767138.3885352397,293090.05661081034,1040804.7618012308,4.4321090000000005,152138.01929573,2261.39802029,49.85870009000001
2024-04,2024-04-01,158,C26,thousand,218419.0,8838746.0,344150699.0,1564983.7788957092,151861472.0,439110.9189693404,126593.0,91826.0,,,102539752.0,906622.0,184335568.0,4577120.045399999,619820115.7767572,950944926.0,520760143.0,112631252.0,2644567274.117899,300222066.0056203,,,1743533.0,6072780.0,8838746.0,559720407.0,159814521.0,945158554.837172,610.0,5108.281779999999,39111034.0,136814249.6785001,119186.0,2074603.285220001,50233.0,50192.43689,4577.120045399999,619820.1157767572,2644567.274117899,300222.0660056203,945158.554837172,5.10828178,136814.24967850008,2074.603285220001,50.19243689
2024-05,2024-05-01,159,C26,thousand,217332.0,8804112.0,360135663.0,1649552.6374715746,150381627.0,435649.6651643701,126741.0,90591.0,,,103300377.0,863202.0,190657554.0,4408348.880329998,638311655.839735,956598286.0,513352410.0,111434556.0,2587849798.55776,297717125.7556303,,,1569099.0,6120597.0,8804112.0,569084478.0,169476905.0,1011234943.1138396,1204.0,6038.518,38828237.0,135878616.00484982,118834.0,2053923.40389,30889.0,30227.15801,4408.348880329998,638311.6558397351,2587849.7985577597,297717.1257556303,1011234.9431138396,6.038518,135878.6160048498,2053.92340389,30.22715801
2024-06,2024-06-01,160,C26,thousand,216914.0,8966994.0,357949455.0,1588221.0138022702,142393548.0,412588.625352084,126772.0,90142.0,,,103813018.0,828592.0,189539729.0,4255898.44071,594171881.4986676,962423990.0,504581442.0,106357519.0,2538439036.498729,276294974.162604,,,1524658.0,6164285.0,8966994.0,577015207.0,168408976.0,994044057.5921024,750.0,5074.711499999999,35922874.0,134408620.70479995,113155.0,1885030.48468,26770.0,27535.31784,4255.89844071,594171.8814986676,2538439.036498729,276294.974162604,994044.0575921024,5.074711499999999,134408.62070479995,1885.03048468,27.53531784
2024-07,2024-07-01,161,C26,thousand,216352.0,8971653.0,383779537.0,1726702.0552073042,145655829.0,447646.6719202999,127123.0,89229.0,,,104568437.0,853592.0,197093825.0,4333066.718189999,622840861.7312659,963202289.0,504014444.0,106857603.0,2489676959.302681,285997562.39621025,,,1478495.0,6186837.0,8971653.0,585113612.0,186684752.0,1103857652.5760384,960.0,3540.9,38680230.0,159656539.7780796,117996.0,1992569.74601,26880.0,26836.702900000004,4333.06671819,622840.8617312659,2489676.959302681,285997.56239621027,1103857.6525760384,3.5409,159656.5397780796,1992.56974601,26.83670290000001
2024-08,2024-08-01,162,C26,thousand,215451.0,9300689.0,390049324.0,1681841.926409457,142244889.0,435418.34490858024,127395.0,88056.0,,,105424368.0,845953.0,202395092.0,4337892.454120001,630480566.9140102,968549216.0,512853446.0,106139893.0,2537034512.74743,293456045.9911505,,,1449541.0,6397044.0,9300689.0,591292586.0,187653569.0,1051358034.2986068,663.0,3325.19684,35990011.0,140096558.3700698,114985.0,1865740.54736,28487.0,28192.84722000001,4337.892454120001,630480.5669140102,2537034.51274743,293456.0459911505,1051358.034298607,3.3251968400000003,140096.5583700698,1865.74054736,28.19284722000001
2024-09,2024-09-01,163,C26,thousand,215767.0,9342792.0,392162365.0,1762020.539117296,135364044.0,401015.07873758994,127929.0,87838.0,,,106103318.0,801850.0,197805269.0,4173252.13246,608570912.7191105,973281885.0,492217655.0,99504958.0,2439295322.0866675,257769046.89455,,,1452891.0,6416121.0,9342792.0,607078667.0,194354982.0,1153445424.3904755,2114.0,4202.00771,35749253.0,141462193.56769994,109833.0,1783838.2753399997,25466.0,25482.63902,4173.252132459999,608570.9127191105,2439295.322086668,257769.04689455,1153445.4243904755,4.20200771,141462.19356769996,1783.8382753399994,25.482639020000004
2024-10,2024-10-01,164,C26,thousand,216208.0,9509265.0,433213786.0,2017889.050157529,142717406.0,468297.5125155904,128886.0,87322.0,,,106889655.0,831826.0,219672648.0,4442560.18156,792928079.0197004,980910678.0,551523295.0,106016989.0,2840761474.9803624,320913954.6909004,,,1450704.0,6431243.0,9509265.0,616851592.0,213517916.0,1224953969.7258286,23222.0,7001.412,36584271.0,145508267.10493,116146.0,1875290.71976,28011.0,31646.61585,4442.56018156,792928.0790197004,2840761.4749803627,320913.9546909004,1224953.9697258286,7.001412,145508.26710493,1875.29071976,31.64661585
2024-11,2024-11-01,165,C26,thousand,215387.0,9690872.0,393603746.0,1692981.635398651,123188968.0,390100.06927942997,129028.0,86359.0,,,107239710.0,775045.0,203602021.0,4095093.67507,682334313.6734505,979571767.0,473461480.0,91624242.0,2404705907.841772,266766797.67927992,,,1451783.0,6359691.0,9690872.0,626179913.0,189856551.0,1010617266.8011702,145174.0,30054.92403,31461770.0,121651675.8192,102956.0,1681595.7809499996,26920.0,29348.81458,4095.0936750699993,682334.3136734505,2404705.907841772,266766.79767928,1010617.2668011704,30.05492403,121651.6758192,1681.5957809499996,29.348814580000003
2024-12,2024-12-01,166,C26,thousand,214398.0,10000549.0,432849503.0,1879494.2133020705,128009805.0,405988.47723371023,128485.0,85913.0,,,108055905.0,811611.0,224003238.0,4292403.27926,730483766.374841,990948054.0,492354062.0,96450208.0,2511606435.406408,276089698.36413026,,,1476237.0,6382626.0,10000549.0,633529503.0,208406196.0,1148932236.5952096,440069.0,78210.33202,31450542.0,128139198.74957997,109055.0,1759580.1199999994,26269.0,29999.56879,4292.40327926,730483.766374841,2511606.435406408,276089.6983641303,1148932.2365952097,78.21033202000001,128139.19874957995,1759.5801199999994,29.99956879
2025-01,2025-01-01,167,C26,thousand,216706.0,10352730.0,430572385.0,1841261.651736342,121669427.0,389633.6490257699,130902.0,85804.0,,,108873184.0,779153.0,217743317.0,4123901.72718,694294042.210711,982039277.0,488353232.0,91091391.0,2506460607.302061,259987962.1737199,,,1473899.0,6443092.0,10352730.0,640164702.0,212193992.0,1146850748.0076308,635076.0,116861.518,30470254.0,127934625.18443002,107782.0,1711061.6676199995,24327.0,27679.51019,4123.90172718,694294.042210711,2506460.6073020613,259987.96217371992,1146850.748007631,116.86151800000002,127934.62518443004,1711.0616676199998,27.67951019
2025-02,2025-02-01,168,C26,thousand,216836.0,10717514.0,396959090.0,1672079.6449525997,108249702.0,343140.4355516399,132059.0,84777.0,,,109315356.0,684455.0,199995593.0,3697634.57319,621249130.8808897,985676745.0,447376890.0,80342355.0,2344079628.153076,232162171.9754001,,,1467966.0,6548149.0,10717514.0,649691280.0,196284815.0,1050707807.51871,678682.0,122706.553,27813305.0,109529321.82357983,94042.0,1448941.75266,19281.0,21360.3315,3697.63457319,621249.1308808897,2344079.628153076,232162.17197540007,1050707.80751871,122.706553,109529.32182357986,1448.94175266,21.3603315
2025-03,2025-03-01,169,C26,thousand,214841.0,11098051.0,458650423.0,2014938.9849979896,120301951.0,390546.81669209007,131323.0,83518.0,,,109884686.0,743191.0,230266329.0,4101395.938731001,714730077.1716015,990812421.0,495721528.0,89581561.0,2625397946.665957,258180395.94479024,,,1481883.0,6718039.0,11098051.0,657929517.0,227565189.0,1300057487.548498,818905.0,151420.27789,30622450.0,130773576.5923798,97940.0,1592844.15492,19075.0,20745.01903,4101.3959387310015,714730.0771716016,2625397.946665957,258180.39594479025,1300057.487548498,151.42027789,130773.57659237982,1592.84415492,20.74501903
2025-04,2025-04-01,170,C26,thousand,213791.0,11283266.0,450270226.0,1842374.086057679,117093484.0,381131.1603706702,131265.0,82526.0,,,110437069.0,686493.0,228140764.0,3727257.2910100007,678992925.2806098,995983731.0,457805976.0,87530236.0,2434935535.80905,261874888.8136502,,,1473668.0,6663778.0,11283266.0,662384943.0,221275020.0,1163224296.015139,854442.0,156864.76193002285,29478270.0,117862833.24704003,84978.0,1393438.30998,14548.0,14252.6217,3727.2572910100007,678992.9252806099,2434935.5358090503,261874.8888136502,1163224.2960151392,156.8647619300229,117862.83324704003,1393.43830998,14.2526217
2025-05,2025-05-01,171,C26,thousand,215971.0,11581161.0,467693491.0,1898316.4282756087,115046827.0,369784.32588403,134809.0,81162.0,,,111049553.0,670129.0,235914154.0,3701259.94492,696074160.4835199,1000369817.0,457987566.0,86156629.0,2449449083.287087,247354380.7803301,,,1478043.0,6642075.0,11581161.0,669729906.0,230745664.0,1202052736.0140886,1033673.0,189531.778,28805524.0,120964648.05769,84674.0,1465297.0460100002,12800.0,12621.420320000005,3701.25994492,696074.1604835199,2449449.083287087,247354.38078033007,1202052.7360140886,189.53177800000003,120964.64805769,1465.2970460100005,12.621420320000006
2025-06,2025-06-01,172,C26,thousand,209970.0,11782954.0,458710133.0,1830881.3553743388,108572071.0,354634.1227754088,131169.0,78801.0,,,110969493.0,628066.0,233869565.0,3448545.70216,674677887.2128396,1005180283.0,435858139.0,81289624.0,2287346695.815916,230792378.88772884,,,1459218.0,6699048.0,11782954.0,678160811.0,223606182.0,1155976975.2314992,1234386.0,226492.93,27210465.0,122547768.89241996,71982.0,1293974.99526,11475.0,10832.7659,3448.54570216,674677.8872128396,2287346.695815916,230792.37888772885,1155976.9752314992,226.49293,122547.76889241996,1293.97499526,10.832765899999998
2025-07,2025-07-01,173,C26,thousand,208063.0,11913080.0,486181121.0,1938494.1586277892,112060970.0,381375.06913986994,131223.0,76840.0,,,111807972.0,662973.0,243275291.0,3616171.85529,703803113.2304705,1012727337.0,444765520.0,83219175.0,2317224285.385607,239211901.06991005,,,1466668.0,6641351.0,11913080.0,688030939.0,241322355.0,1234403844.9683187,1583475.0,287200.429,28764405.0,140662220.74784982,77390.0,1500947.3221100003,10595.0,10373.780941,3616.1718552899993,703803.1132304706,2317224.285385607,239211.9010699101,1234403.8449683187,287.200429,140662.22074784982,1500.9473221100004,10.373780941
2025-08,2025-08-01,174,C26,thousand,207019.0,11964613.0,493577176.0,1911698.9926465272,112080272.0,374063.10724843,130897.0,76122.0,,,112495592.0,671163.0,250162542.0,3656376.2665900006,727533230.4528202,1018042450.0,460136709.0,84359478.0,2388831511.349514,246628177.12947008,,,1471422.0,6573082.0,11964613.0,697747231.0,241618661.0,1183810974.627187,1795973.0,354787.56652,27641922.0,125993029.85508996,78872.0,1441900.2638699997,10137.0,10156.62181,3656.376266590001,727533.2304528202,2388831.511349514,246628.17712947007,1183810.974627187,354.78756652,125993.02985508996,1441.9002638699997,10.15662181
2025-09,2025-09-01,175,C26,thousand,206711.0,12116102.0,495240648.0,2167069.9076532535,104739031.0,367756.99078462005,131664.0,75047.0,,,113507240.0,668889.0,241614615.0,3688141.51564,725438997.95661,1024808790.0,437090119.0,77755830.0,2297133845.2498555,227726759.10043007,,,1459945.0,6070528.0,12116102.0,708974740.0,251718295.0,1441177813.6440434,1907738.0,453096.0526,26904171.0,138542744.8291899,79030.0,1487486.8550000002,9740.0,12202.58394,3688.14151564,725438.9979566099,2297133.8452498554,227726.7591004301,1441177.8136440434,453.0960526,138542.7448291899,1487.4868550000003,12.202583939999998
2025-10,2025-10-01,176,C26,thousand,207377.0,12308241.0,518289549.0,2142303.009516627,109624575.0,421430.1237973601,132454.0,74923.0,,,114133565.0,711645.0,260941537.0,4038788.734469999,883569958.3516202,1027150225.0,463633544.0,82878827.0,2503214543.263845,291035293.0094601,,,1464566.0,6047707.0,12308241.0,717433868.0,255272591.0,1258196081.409207,2075421.0,536969.7558,26666791.0,128881344.02702996,78957.0,1513486.76087,12577.0,19953.59247,4038.788734469999,883569.9583516202,2503214.5432638456,291035.29300946015,1258196.081409207,536.9697558,128881.34402702996,1513.48676087,19.95359247
2025-11,2025-11-01,177,C26,thousand,207796.0,11253425.0,502984178.0,1887990.0988964892,101211314.0,341433.86568867,133339.0,74457.0,,,115001607.0,671955.0,253839650.0,3784610.29013,756398667.8829898,1031703169.0,438022645.0,76331463.0,2340545562.008082,227541232.68064,,,1427193.0,5952557.0,11253425.0,728199555.5,246854090.0,1130994463.9097593,2290438.0,596967.10374,24803398.0,112368984.27477002,76453.0,1523648.7332600004,12269.0,19892.08224,3784.61029013,756398.6678829897,2340545.562008082,227541.23268064,1130994.4639097594,596.9671037400001,112368.98427477002,1523.6487332600004,19.89208224
2025-12,2025-12-01,178,C26,thousand,207485.0,11474672.0,539834125.0,2046866.0645216694,104924030.0,372743.80087197997,133729.0,73756.0,,,115791713.0,696197.0,272631988.0,3931494.954559999,784764838.5398102,1034345867.0,444401793.0,79435329.0,2389248010.9977727,245990961.75711015,,,1414547.0,5890220.0,11474672.0,731365285.0,264617358.0,1261427802.3313792,2584779.0,673423.65048,25407654.0,125123229.69110984,81047.0,1629609.42376,11876.0,19588.6185,3931.4949545599993,784764.8385398102,2389248.0109977727,245990.96175711017,1261427.8023313791,673.42365048,125123.22969110984,1629.60942376,19.588618499999995
2026-01,2026-01-01,179,C26,thousand,207915.0,11545210.0,539711275.0,1990848.660311388,101829499.0,379566.91164683976,134085.0,73830.0,,,116652407.0,696751.0,267494799.0,3940422.68401,759878304.2207009,1037756960.0,441200393.0,77319529.0,2391720253.5244603,255130178.89031,,,1391526.0,5843742.0,11545210.0,738380380.0,269357903.0,1230212507.9834971,2858573.0,757848.1071900977,24429856.0,122790554.87730975,80114.0,1646177.8792200002,12351.0,19006.1829,3940.422684010001,759878.3042207009,2391720.2535244604,255130.17889031,1230212.507983497,757.8481071900977,122790.55487730975,1646.1778792200002,19.0061829
2026-02,2026-02-01,180,C26,thousand,208834.0,11664877.0,493795492.0,1772919.8284429307,91712184.0,331346.2466472499,135004.0,73830.0,,,117704486.0,635396.0,243400333.0,3642662.62433,674354049.5711297,1041766655.0,414511705.0,68976589.0,2302417304.5449705,218617996.05458,,,1389518.0,5897360.0,11664877.0,754203742.0,247563894.0,1097808697.281221,2831265.0,757081.5905800001,22661665.0,111099285.44747992,73930.0,1628965.14519,10737.0,16748.559400000002,3642.66262433,674354.0495711297,2302417.3045449704,218617.99605458,1097808.697281221,757.0815905800001,111099.28544747992,1628.9651451900002,16.7485594
2026-03,2026-03-01,181,C26,thousand,209331.0,11769361.0,577476495.0,2194946.908470002,101317413.0,379483.9137556698,135638.0,73693.0,,,118633677.0,707718.0,284035391.0,4075917.5651500006,784704541.8646404,1044568658.0,443999321.0,74932391.0,2484190349.075854,243464507.50785,,,1389878.0,5633027.0,11769361.0,761217394.0,290096794.0,1409340082.2848115,3344310.0,902284.32055,26307005.0,134339503.43171978,78017.0,1679902.8161,9984.0,17028.89485,4075.917565150001,784704.5418646404,2484190.349075854,243464.50750785,1409340.0822848117,902.28432055,134339.5034317198,1679.9028161,17.02889485
2026-04,2026-04-01,182,C26,thousand,209983.0,11447440.0,559527429.0,1972737.630596879,97514300.0,369027.43521389,136126.0,73857.0,,,119459156.0,640468.0,275556024.0,3651054.3719200008,738346872.1107402,1023670375.0,410322715.0,71805490.0,2298494676.1051707,242694251.03492013,,,1367989.0,5617011.0,11447440.0,770829198.0,280555128.0,1233461031.848219,3416277.0,929726.63792,25634769.0,124650873.16642982,74041.0,1682311.01254,8093.85,15112.48534,3651.054371920001,738346.8721107402,2298494.676105171,242694.25103492013,1233461.031848219,929.72663792,124650.87316642982,1682.31101254,15.11248534
2026-05,2026-05-01,183,C26,thousand,210114.0,11525276.0,595501525.0,2027420.7221007545,99861587.0,354204.40769725945,136150.0,73964.0,,,120454115.0,641544.0,290363554.0,3664229.14994,760951304.28139,1027908313.0,415255096.0,73778865.0,2300884800.99597,221870862.39473984,,,1358241.0,5604866.0,11525276.0,779765356.0,296723746.0,1261795644.4158044,8414225.0,4673773.40356,26007412.0,130497684.7992996,75310.0,1835860.50322,7941.0,14803.924170000002,3664.22914994,760951.3042813899,2300884.8009959697,221870.86239473984,1261795.6444158044,4673.77340356,130497.68479929962,1835.86050322,14.803924170000002
2026-06,2026-06-01,184,C26,thousand,209733.0,9922126.0,581259085.0,2013616.739884635,97093017.0,352985.6827768096,136307.0,73426.0,,,121590832.0,630401.0,285564493.0,3565214.606999999,742620678.0216105,1031865943.0,398428828.0,71256313.0,2163585426.6458607,216918580.67743984,,,1336732.0,5265815.0,9922126.0,792573747.0,292076805.0,1269994646.4014344,3617787.0,1001415.46159,25759460.0,133982406.10863976,77244.0,2084695.99073,6797.0,12271.78649,3565.214606999999,742620.6780216105,2163585.4266458605,216918.58067743984,1269994.6464014344,1001.41546159,133982.40610863976,2084.69599073,12.271786489999998
2026-07,2026-07-01,185,C26,thousand,209812.0,10027614.0,605266680.0,2081856.9872406279,101555931.0,379324.60872475966,136337.0,73475.0,,,122857894.0,652976.0,293733617.0,3721795.21635,757403698.5395995,1033310864.0,405201006.0,74121309.0,2193082921.7017107,221758106.69327983,,,1328246.0,5269442.0,10027614.0,803047590.0,307698073.0,1323389557.3255782,3834990.0,1063731.3754500002,27352284.0,155158430.6156098,82338.0,2408071.4158700006,6086.0,11595.12255,3721.79521635,757403.6985395995,2193082.9217017107,221758.10669327984,1323389.5573255783,1063.73137545,155158.4306156098,2408.0714158700007,11.59512255
