period,approved_percent,bd_percent,payee_psp,td_percent,total_volume_in_mn,type_name
2022-01,99.09,0.68,Yes Bank Ltd,0.23,1749.57,payee
2022-01,99.39,0.5,Paytm Payments Bank,0.11,901.14,payee
2022-01,98.94,0.67,Axis Bank Ltd.,0.39,563.88,payee
2022-01,98.82,0.88,ICICI Bank,0.3,519.3,payee
2022-01,97.12,2.46,HDFC BANK LTD,0.42,249.47,payee
2022-01,97.91,1.02,State Bank Of India,1.07,236.59,payee
2022-01,97.47,0.03,Federal Bank,2.5,57.95,payee
2022-01,97.85,0.99,INDUSIND BANK,1.16,21.39,payee
2022-01,99.15,0.09,Airtel Payments Bank,0.76,15.75,payee
2022-01,98.67,1.0,Kotak Mahindra Bank,0.33,11.53,payee
2022-01,99.07,0.14,IDFC FIRST Bank,0.79,11.17,payee
2022-01,99.59,0.0,Citibank,0.41,9.79,payee
2022-01,97.25,0.23,National Payments Corporation of India (BHIM),2.52,8.75,payee
2022-01,99.24,0.14,Bank of Baroda,0.62,3.6,payee
2022-01,97.11,0.0,AU small Finance Bank,2.89,2.76,payee
2022-02,98.95,0.97,Yes Bank Ltd,0.08,1712.7,payee
2022-02,99.68,0.29,Paytm Payments Bank,0.03,927.78,payee
2022-02,98.03,0.57,Axis Bank Ltd.,1.4,553.08,payee
2022-02,98.39,0.56,ICICI Bank,1.05,486.09,payee
2022-02,97.9,1.86,HDFC BANK LTD,0.24,243.04,payee
2022-02,96.0,0.72,State Bank Of India,3.28,231.97,payee
2022-02,97.85,0.04,Federal Bank,2.11,59.54,payee
2022-02,96.35,2.11,INDUSIND BANK,1.54,23.53,payee
2022-02,99.34,0.08,Airtel Payments Bank,0.58,15.75,payee
2022-02,98.65,0.74,Kotak Mahindra Bank,0.61,10.77,payee
2022-02,99.42,0.0,Citibank,0.58,9.04,payee
2022-02,88.62,0.21,National Payments Corporation of India (BHIM),11.17,8.19,payee
2022-02,98.73,0.13,IDFC FIRST Bank,1.14,6.0,payee
2022-02,99.12,0.17,Bank of Baroda,0.71,3.6,payee
2022-02,99.26,0.0,AU small Finance Bank,0.74,2.88,payee
2022-03,98.67,0.79,Yes Bank Ltd,0.54,2015.28,payee
2022-03,98.58,1.39,Paytm Payments Bank,0.03,1162.91,payee
2022-03,99.17,0.42,Axis Bank Ltd.,0.42,659.4,payee
2022-03,98.64,1.08,HDFC Bank Ltd,0.28,280.47,payee
2022-03,98.94,0.53,State Bank Of India,0.53,274.29,payee
2022-03,98.72,0.39,ICICI Bank,0.88,465.07,payee
2022-03,99.78,0.04,Federal Bank,0.18,70.53,payee
2022-03,97.27,1.53,IndusInd Bank,1.2,27.59,payee
2022-03,99.05,0.65,Kotak Mahindra Bank,0.3,18.99,payee
2022-03,98.77,0.07,Airtel Payments Bank,1.15,17.35,payee
2022-03,98.72,0.0,Citibank,1.27,9.67,payee
2022-03,97.77,0.2,National Payments Corporation of India (BHIM),2.02,8.58,payee
2022-03,97.57,0.14,IDFC FIRST Bank,2.29,6.87,payee
2022-03,99.34,0.45,Bank of Baroda,0.21,4.7,payee
2022-03,99.59,0.0,AU small Finance Bank,0.41,3.67,payee
2022-04,98.95,0.92,Yes Bank Ltd,0.13,2086.39,payee
2022-04,99.66,0.34,Paytm Payments Bank,0.01,1209.18,payee
2022-04,99.43,0.49,Axis Bank Ltd.,0.08,658.22,payee
2022-04,99.28,0.36,ICICI Bank,0.36,591.22,payee
2022-04,98.78,0.73,HDFC Bank Ltd,0.49,283.06,payee
2022-04,99.25,0.48,State Bank Of India,0.26,279.84,payee
2022-04,96.77,2.2,Federal Bank,1.02,69.08,payee
2022-04,98.9,0.55,Kotak Mahindra Bank,0.55,36.83,payee
2022-04,98.53,0.95,IndusInd Bank,0.52,30.98,payee
2022-04,99.51,0.35,Airtel Payments Bank,0.14,13.44,payee
2022-04,99.29,0.54,Citibank,0.17,10.28,payee
2022-04,98.93,0.79,National Payments Corporation of India (BHIM),0.28,8.66,payee
2022-04,97.59,1.21,IDFC FIRST Bank,1.19,6.22,payee
2022-04,99.52,0.33,Bank of Baroda,0.15,5.0,payee
2022-04,99.49,0.45,AU small Finance Bank,0.06,3.82,payee
2022-05,99.3,0.64,Yes Bank Ltd,0.06,2209.13,payee
2022-05,99.64,0.35,Paytm Payments Bank,0.01,1306.69,payee
2022-05,99.31,0.43,Axis Bank Ltd,0.26,720.69,payee
2022-05,99.61,0.31,ICICI Bank,0.08,631.63,payee
2022-05,99.31,0.6,HDFC Bank Ltd,0.1,302.88,payee
2022-05,99.15,0.41,State Bank Of India,0.43,295.44,payee
2022-05,96.44,2.94,Federal Bank,0.63,72.78,payee
2022-05,97.26,1.59,IndusInd Bank,1.15,38.48,payee
2022-05,98.71,0.62,Kotak Mahindra Bank,0.67,27.06,payee
2022-05,98.76,0.56,Airtel Payments Bank,0.68,14.81,payee
2022-05,99.46,0.52,Citibank,0.02,9.52,payee
2022-05,96.35,2.17,National Payments Corporation of India (BHIM),1.48,9.0,payee
2022-05,97.84,0.8,IDFC FIRST Bank,1.36,7.17,payee
2022-05,98.46,1.51,Bank of Baroda,0.03,5.73,payee
2022-05,99.52,0.33,AU small Finance Bank,0.15,3.95,payee
2022-06,99.24,0.72,Yes Bank Ltd,0.04,2098.31,payee
2022-06,99.66,0.32,Paytm Payments Bank,0.02,1321.97,payee
2022-06,99.1,0.75,Axis Bank Ltd,0.16,759.01,payee
2022-06,99.36,0.56,ICICI Bank,0.08,622.61,payee
2022-06,99.18,0.74,HDFC Bank Ltd,0.08,310.81,payee
2022-06,97.58,1.16,State Bank Of India,1.25,289.84,payee
2022-06,98.04,1.87,Federal Bank,0.09,74.69,payee
2022-06,97.2,1.93,IndusInd Bank,0.87,36.03,payee
2022-06,96.47,3.05,Kotak Mahindra Bank,0.48,16.88,payee
2022-06,98.09,1.83,Airtel Payments Bank,0.08,15.41,payee
2022-06,96.99,1.83,IDFC FIRST Bank,1.18,9.88,payee
2022-06,99.41,0.56,Citibank,0.03,9.77,payee
2022-06,92.02,7.57,National Payments Corporation of India (BHIM),0.41,8.31,payee
2022-06,96.64,3.33,Bank of Baroda,0.03,6.52,payee
2022-06,99.09,0.87,AU small Finance Bank,0.04,4.01,payee
2022-07,99.59,0.37,Yes Bank Ltd,0.03,2256.82,payee
2022-07,99.62,0.36,Paytm Payments Bank,0.02,1430.47,payee
2022-07,97.15,2.53,Axis Bank Ltd,0.32,799.31,payee
2022-07,99.6,0.36,ICICI Bank,0.05,670.95,payee
2022-07,99.18,0.75,HDFC Bank Ltd,0.07,328.22,payee
2022-07,98.77,0.6,State Bank Of India,0.63,295.76,payee
2022-07,93.27,2.98,Federal Bank,3.74,92.76,payee
2022-07,98.68,0.62,IndusInd Bank,0.7,35.12,payee
2022-07,98.56,0.84,Kotak Mahindra Bank,0.6,21.69,payee
2022-07,98.83,0.98,Airtel Payments Bank,0.19,19.26,payee
2022-07,97.49,1.12,IDFC FIRST Bank,1.39,13.15,payee
2022-07,99.09,0.77,Citibank,0.14,11.18,payee
2022-07,99.17,0.72,National Payments Corporation of India (BHIM),0.11,8.4,payee
2022-07,98.93,0.79,Bank of Baroda,0.28,6.22,payee
2022-07,98.93,0.77,AU small Finance Bank,0.3,4.48,payee
2022-08,99.43,0.51,Yes Bank Ltd,0.06,2400.08,payee
2022-08,99.56,0.42,Paytm Payments Bank,0.01,1488.44,payee
2022-08,96.8,2.64,Axis Bank Ltd,0.57,804.43,payee
2022-08,99.5,0.43,ICICI Bank,0.07,710.22,payee
2022-08,99.09,0.83,HDFC Bank Ltd,0.09,349.03,payee
2022-08,99.38,0.45,State Bank Of India,0.17,296.27,payee
2022-08,97.97,1.35,Federal Bank,0.67,101.31,payee
2022-08,98.83,0.72,IndusInd Bank,0.45,37.8,payee
2022-08,99.0,0.87,Airtel Payments Bank,0.13,25.89,payee
2022-08,99.22,0.41,Kotak Mahindra Bank,0.37,23.64,payee
2022-08,98.24,0.34,IDFC FIRST Bank,1.42,14.39,payee
2022-08,99.19,0.76,Citibank,0.05,10.57,payee
2022-08,98.54,1.43,National Payments Corporation of India (BHIM),0.04,8.75,payee
2022-08,99.82,0.16,Bank of Baroda,0.03,6.44,payee
2022-08,99.08,0.56,AU small Finance Bank,0.36,4.98,payee
2022-09,99.58,0.38,Yes Bank Ltd,0.05,2488.68,payee
2022-09,99.63,0.36,Paytm Payments Bank,0.01,1537.12,payee
2022-09,99.02,0.75,Axis Bank Ltd,0.24,802.88,payee
2022-09,99.48,0.47,ICICI Bank,0.05,728.2,payee
2022-09,98.99,0.98,HDFC Bank Ltd,0.03,365.7,payee
2022-09,99.23,0.59,State Bank Of India,0.18,301.37,payee
2022-09,97.88,2.07,Federal Bank,0.05,104.12,payee
2022-09,97.78,1.65,IndusInd Bank,0.58,25.45,payee
2022-09,99.4,0.5,Airtel Payments Bank,0.1,25.23,payee
2022-09,99.4,0.49,Kotak Mahindra Bank,0.1,23.55,payee
2022-09,96.7,1.7,IDFC FIRST Bank,1.61,13.91,payee
2022-09,98.98,0.84,Citibank,0.18,10.6,payee
2022-09,97.72,2.2,National Payments Corporation of India (BHIM),0.08,8.98,payee
2022-09,99.8,0.16,Bank of Baroda,0.04,6.44,payee
2022-09,97.22,2.24,AU small Finance Bank,0.54,5.07,payee
2022-10,99.47,0.51,Yes Bank Ltd,0.02,2692.58,payee
2022-10,99.74,0.26,Paytm Payments Bank,0.0,1630.83,payee
2022-10,99.37,0.6,Axis Bank Ltd,0.03,876.23,payee
2022-10,99.6,0.39,ICICI Bank,0.01,794.28,payee
2022-10,98.95,1.01,HDFC Bank Ltd,0.04,385.84,payee
2022-10,99.45,0.48,State Bank Of India,0.06,326.97,payee
2022-10,97.78,2.12,Federal Bank,0.1,112.5,payee
2022-10,97.61,1.95,IndusInd Bank,0.45,29.66,payee
2022-10,99.56,0.42,Kotak Mahindra Bank,0.03,27.28,payee
2022-10,98.92,0.89,Airtel Payments Bank,0.18,14.99,payee
2022-10,96.31,2.36,IDFC FIRST Bank,1.33,14.82,payee
2022-10,98.63,1.24,Citibank,0.13,11.4,payee
2022-10,97.85,2.08,National Payments Corporation of India (BHIM),0.07,9.52,payee
2022-10,92.41,7.23,Cosmos Bank,0.36,9.03,payee
2022-10,99.42,0.46,Bank of Baroda,0.12,7.51,payee
2022-11,99.53,0.39,Yes Bank Ltd,0.08,2658.35,payee
2022-11,99.68,0.27,Paytm Payments Bank,0.05,1638.48,payee
2022-11,99.19,0.8,Axis Bank Ltd,0.01,904.83,payee
2022-11,98.83,1.08,ICICI Bank,0.08,813.95,payee
2022-11,99.13,0.81,HDFC Bank Ltd,0.06,378.74,payee
2022-11,98.87,1.04,State Bank Of India,0.09,351.11,payee
2022-11,97.56,1.76,Federal Bank,0.68,111.84,payee
2022-11,97.34,2.02,IndusInd Bank,0.64,29.37,payee
2022-11,99.16,0.73,Kotak Mahindra Bank,0.11,23.13,payee
2022-11,98.9,0.84,Airtel Payments Bank,0.27,15.16,payee
2022-11,93.66,4.93,IDFC FIRST Bank,1.41,15.02,payee
2022-11,99.06,0.88,Citibank,0.06,11.42,payee
2022-11,94.14,5.01,Cosmos Bank,0.85,8.41,payee
2022-11,99.68,0.25,Bank of Baroda,0.07,7.4,payee
2022-11,99.47,0.46,Canara Bank,0.07,5.85,payee
2022-12,99.37,0.44,Yes Bank Ltd,0.19,2850.04,payee
2022-12,99.23,0.75,Paytm Payments Bank,0.02,1775.35,payee
2022-12,99.0,0.92,Axis Bank Ltd,0.08,979.12,payee
2022-12,99.03,0.89,ICICI Bank,0.08,898.83,payee
2022-12,98.38,1.46,HDFC Bank Ltd,0.16,372.15,payee
2022-12,99.17,0.66,State Bank Of India,0.17,370.13,payee
2022-12,99.68,0.28,Federal Bank,0.04,116.45,payee
2022-12,96.01,2.26,IndusInd Bank,1.72,30.84,payee
2022-12,99.05,0.64,Kotak Mahindra Bank,0.31,20.39,payee
2022-12,98.14,1.31,Airtel Payments Bank,0.55,19.83,payee
2022-12,95.75,2.97,IDFC FIRST Bank,1.28,17.9,payee
2022-12,99.39,0.6,Citibank,0.01,12.59,payee
2022-12,97.93,1.55,Cosmos Bank,0.51,9.66,payee
2022-12,91.44,6.09,Bank of Baroda,2.47,7.54,payee
2022-12,99.1,0.57,Canara Bank,0.33,6.6,payee
2023-01,99.58,0.38,Yes Bank Ltd,0.04,2932.04,payee
2023-01,99.76,0.23,Paytm Payments Bank,0.0,1822.61,payee
2023-01,99.12,0.79,Axis Bank Ltd,0.09,973.07,payee
2023-01,99.06,0.92,ICICI Bank,0.02,920.02,payee
2023-01,99.14,0.85,HDFC Bank Ltd,0.01,377.04,payee
2023-01,99.08,0.78,State Bank Of India,0.13,372.77,payee
2023-01,99.75,0.23,Federal Bank,0.01,119.24,payee
2023-01,97.45,1.53,IndusInd Bank,1.03,33.06,payee
2023-01,99.06,0.78,Kotak Mahindra Bank,0.16,30.26,payee
2023-01,97.58,1.53,Airtel Payments Bank,0.89,27.65,payee
2023-01,97.12,1.82,IDFC FIRST Bank,1.06,21.55,payee
2023-01,93.33,5.09,Cosmos Bank,1.58,15.89,payee
2023-01,98.76,0.92,Citibank,0.32,12.49,payee
2023-01,98.48,1.13,Bank of Baroda,0.39,7.17,payee
2023-01,99.33,0.58,Canara Bank,0.09,6.84,payee
2023-02,99.45,0.54,Yes Bank Ltd,0.01,2728.98,payee
2023-02,99.56,0.43,Paytm Payments Bank,0.0,1734.74,payee
2023-02,98.99,1.0,Axis Bank Ltd,0.0,915.58,payee
2023-02,99.55,0.43,ICICI Bank,0.02,882.18,payee
2023-02,98.99,0.99,HDFC Bank Ltd,0.02,351.19,payee
2023-02,98.94,0.86,State Bank Of India,0.2,333.55,payee
2023-02,97.62,1.94,Federal Bank,0.44,115.8,payee
2023-02,98.29,1.58,IndusInd Bank,0.12,34.53,payee
2023-02,99.17,0.82,Kotak Mahindra Bank,0.01,28.51,payee
2023-02,89.05,10.24,IDFC FIRST Bank,0.7,22.78,payee
2023-02,97.65,1.39,Airtel Payments Bank,0.96,21.85,payee
2023-02,77.8,19.86,Cosmos Bank,2.34,21.77,payee
2023-02,98.68,1.0,Citibank,0.32,11.24,payee
2023-02,86.93,12.49,Bank of Baroda,0.58,7.51,payee
2023-02,99.19,0.79,Canara Bank,0.03,6.68,payee
2023-03,99.31,0.59,Yes Bank Ltd,0.09,3113.51,payee
2023-03,99.59,0.38,Paytm Payments Bank,0.04,2027.97,payee
2023-03,99.18,0.77,Axis Bank Ltd,0.05,1055.15,payee
2023-03,99.25,0.71,ICICI Bank,0.04,1012.61,payee
2023-03,99.04,0.94,HDFC Bank Ltd,0.03,406.61,payee
2023-03,99.21,0.67,State Bank Of India,0.12,393.82,payee
2023-03,97.09,2.39,Federal Bank,0.52,139.72,payee
2023-03,98.15,1.42,IndusInd Bank,0.44,44.06,payee
2023-03,98.96,0.68,Kotak Mahindra Bank,0.36,33.89,payee
2023-03,97.39,2.41,Cosmos Bank,0.2,25.21,payee
2023-03,98.72,0.39,Airtel Payments Bank,0.89,20.64,payee
2023-03,89.33,8.06,IDFC FIRST Bank,2.61,17.16,payee
2023-03,99.07,0.77,Citibank,0.16,14.03,payee
2023-03,87.79,0.34,Bank of Baroda,11.87,8.58,payee
2023-03,99.61,0.35,Canara Bank,0.04,8.03,payee
2023-04,99.75,0.21,Yes Bank Ltd,0.04,3179.83,payee
2023-04,99.44,0.26,Paytm Payments Bank,0.31,2097.58,payee
2023-04,99.28,0.68,Axis Bank Ltd,0.04,1109.13,payee
2023-04,99.48,0.47,ICICI Bank,0.05,1003.2,payee
2023-04,99.13,0.82,HDFC Bank Ltd,0.05,407.42,payee
2023-04,99.25,0.48,State Bank Of India,0.27,379.74,payee
2023-04,98.63,1.07,Federal Bank,0.31,143.53,payee
2023-04,97.73,1.27,IndusInd Bank,1.0,43.48,payee
2023-04,99.56,0.32,Kotak Mahindra Bank,0.12,40.35,payee
2023-04,99.68,0.21,RBL Bank,0.11,30.12,payee
2023-04,97.6,2.36,Cosmos Bank,0.04,21.91,payee
2023-04,98.83,0.64,Airtel Payments Bank,0.53,19.93,payee
2023-04,95.43,2.32,IDFC FIRST Bank,2.25,18.84,payee
2023-04,94.9,3.14,Citibank,1.96,13.13,payee
2023-04,87.11,0.38,Bank of Baroda,12.52,8.5,payee
2023-05,99.8,0.18,Yes Bank Ltd,0.02,3328.92,payee
2023-05,99.73,0.26,Paytm Payments Bank,0.01,2250.43,payee
2023-05,99.41,0.57,Axis Bank Ltd,0.02,1169.78,payee
2023-05,99.23,0.68,ICICI Bank,0.09,1053.11,payee
2023-05,99.27,0.69,HDFC Bank Ltd,0.04,439.53,payee
2023-05,99.45,0.49,State Bank Of India,0.06,398.39,payee
2023-05,98.81,1.0,Federal Bank,0.18,154.48,payee
2023-05,98.23,0.88,IndusInd Bank,0.89,47.25,payee
2023-05,99.32,0.55,Kotak Mahindra Bank,0.12,40.28,payee
2023-05,95.12,4.51,Cosmos Bank,0.37,24.05,payee
2023-05,99.66,0.33,RBL Bank,0.02,28.27,payee
2023-05,97.38,2.2,Airtel Payments Bank,0.42,18.61,payee
2023-05,96.85,2.02,IDFC FIRST Bank,1.13,17.88,payee
2023-05,99.25,0.71,Citibank,0.04,9.97,payee
2023-05,99.37,0.57,Canara Bank,0.06,9.55,payee
2023-06,99.75,0.23,Yes Bank Ltd,0.01,3265.06,payee
2023-06,99.6,0.37,Paytm Payments Bank,0.03,2305.56,payee
2023-06,99.42,0.55,Axis Bank Ltd,0.03,1096.89,payee
2023-06,99.07,0.89,ICICI Bank,0.04,1029.2,payee
2023-06,99.14,0.82,HDFC Bank Ltd,0.04,468.94,payee
2023-06,99.51,0.45,State Bank Of India,0.04,426.62,payee
2023-06,95.8,3.46,Federal Bank,0.74,157.65,payee
2023-06,98.49,0.79,IndusInd Bank,0.71,50.3,payee
2023-06,99.4,0.36,Kotak Mahindra Bank,0.24,29.5,payee
2023-06,93.25,6.34,Cosmos Bank,0.4,22.42,payee
2023-06,84.43,6.84,IDFC FIRST Bank,8.73,21.66,payee
2023-06,98.11,1.1,Airtel Payments Bank,0.79,15.9,payee
2023-06,98.9,0.89,Canara Bank,0.21,10.97,payee
2023-06,96.83,2.72,Indian Bank,0.45,10.35,payee
2023-06,99.18,0.71,Citibank,0.12,9.8,payee
2023-07,99.66,0.3,Yes Bank Ltd,0.03,3432.56,payee
2023-07,99.61,0.37,Paytm Payments Bank,0.02,2469.97,payee
2023-07,99.48,0.47,ICICI Bank,0.05,1169.26,payee
2023-07,99.45,0.52,Axis Bank Ltd,0.03,1063.59,payee
2023-07,99.25,0.67,HDFC Bank Ltd,0.08,552.11,payee
2023-07,99.32,0.6,State Bank Of India,0.09,473.74,payee
2023-07,98.48,1.32,Federal Bank,0.19,166.71,payee
2023-07,98.74,0.74,IndusInd Bank,0.52,49.09,payee
2023-07,99.14,0.51,Kotak Mahindra Bank,0.35,32.0,payee
2023-07,95.01,2.32,IDFC FIRST Bank,2.67,25.61,payee
2023-07,98.17,1.58,Indian Bank,0.25,18.4,payee
2023-07,98.46,0.49,Airtel Payments Bank,1.05,15.2,payee
2023-07,99.05,0.81,Canara Bank,0.14,14.88,payee
2023-07,94.8,5.0,Cosmos Bank,0.19,14.21,payee
2023-07,97.74,1.82,Fino Payments Bank,0.44,12.36,payee
2023-08,99.67,0.32,Yes Bank Ltd,0.01,3608.7,payee
2023-08,99.66,0.33,Paytm Payments Bank,0.01,2657.59,payee
2023-08,99.41,0.58,ICICI Bank,0.01,1215.47,payee
2023-08,99.33,0.61,Axis Bank Ltd,0.06,1146.11,payee
2023-08,99.03,0.79,HDFC Bank Ltd,0.18,599.32,payee
2023-08,99.39,0.53,State Bank Of India,0.08,497.09,payee
2023-08,97.48,2.04,Federal Bank,0.48,181.99,payee
2023-08,94.7,3.9,IndusInd Bank,1.4,52.28,payee
2023-08,99.04,0.59,Kotak Mahindra Bank,0.38,35.56,payee
2023-08,99.12,0.59,IDFC FIRST Bank,0.29,30.81,payee
2023-08,99.61,0.27,Indian Bank,0.12,24.28,payee
2023-08,99.6,0.34,Fino Payments Bank,0.06,16.15,payee
2023-08,99.66,0.31,Canara Bank,0.02,15.27,payee
2023-08,99.38,0.12,Airtel Payments Bank,0.5,14.99,payee
2023-08,97.14,2.14,Cosmos Bank,0.72,14.61,payee
2023-09,99.77,0.22,Yes Bank Ltd,0.01,3576.59,payee
2023-09,99.53,0.45,Paytm Payments Bank,0.02,2642.59,payee
2023-09,99.53,0.44,ICICI Bank,0.03,1226.53,payee
2023-09,99.53,0.45,Axis Bank Ltd,0.02,1164.83,payee
2023-09,99.09,0.79,HDFC Bank Ltd,0.12,581.25,payee
2023-09,99.38,0.56,State Bank Of India,0.06,498.93,payee
2023-09,98.31,1.69,Federal Bank,0.0,184.36,payee
2023-09,97.45,1.93,IndusInd Bank,0.62,51.09,payee
2023-09,99.49,0.43,Kotak Mahindra Bank,0.08,35.54,payee
2023-09,98.99,0.62,IDFC FIRST Bank,0.39,33.96,payee
2023-09,97.78,1.46,Indian Bank,0.76,20.95,payee
2023-09,99.7,0.17,Fino Payments Bank,0.13,18.2,payee
2023-09,99.7,0.28,Canara Bank,0.03,16.64,payee
2023-09,96.56,2.83,RBL Bank,0.61,16.57,payee
2023-09,97.35,1.92,Cosmos Bank,0.73,15.53,payee
2023-10,99.74,0.25,Yes Bank Ltd,0.01,3874.42,payee
2023-10,99.6,0.39,Paytm Payments Bank,0.01,2868.53,payee
2023-10,99.36,0.61,ICICI Bank,0.04,1324.05,payee
2023-10,99.56,0.4,Axis Bank Ltd,0.04,1274.76,payee
2023-10,99.37,0.62,HDFC Bank Ltd,0.01,644.52,payee
2023-10,99.21,0.69,State Bank Of India,0.1,498.49,payee
2023-10,95.46,4.54,Federal Bank,0.0,208.16,payee
2023-10,98.31,0.88,IndusInd Bank,0.81,69.7,payee
2023-10,99.36,0.51,Kotak Mahindra Bank,0.13,40.33,payee
2023-10,99.26,0.46,IDFC FIRST Bank,0.28,26.91,payee
2023-10,96.42,2.94,RBL Bank,0.64,22.18,payee
2023-10,99.45,0.51,Indian Bank,0.04,21.13,payee
2023-10,96.88,3.07,Canara Bank,0.05,19.83,payee
2023-10,99.49,0.13,Airtel Payments Bank,0.38,19.09,payee
2023-10,98.0,1.73,Cosmos Bank,0.27,16.44,payee
2023-11,95.06,4.86,Yes Bank Ltd,0.08,3895.63,payee
2023-11,95.86,4.06,PayTM Payments Bank Ltd,0.08,2876.53,payee
2023-11,94.65,5.26,Axis Bank Ltd,0.09,1473.31,payee
2023-11,94.3,5.62,ICICI Bank,0.09,1367.32,payee
2023-11,95.16,4.77,HDFC Bank Ltd,0.07,628.18,payee
2023-11,95.02,4.91,State Bank Of India,0.07,580.84,payee
2023-11,96.9,3.04,Federal Bank,0.06,199.54,payee
2023-11,93.91,5.98,INDIAN Bank,0.11,76.6,payee
2023-11,91.86,8.0,RBL Bank,0.13,39.4,payee
2023-11,95.06,4.83,Kotak Mahindra Bank,0.11,28.13,payee
2023-11,92.29,7.54,IDFC FIRST Bank,0.17,26.61,payee
2023-11,90.84,8.96,Cosmos Bank,0.2,24.88,payee
2023-11,96.69,3.25,Canara Bank,0.06,22.04,payee
2023-11,92.91,6.95,Indian Bank,0.14,21.35,payee
2023-11,91.92,7.96,Airtel Payments Bank,0.12,20.1,payee
2023-12,94.86,5.02,YES BANK LTD,0.12,4038.99,payee
2023-12,95.72,4.17,PAYTM PAYMENTS BANK,0.11,3120.84,payee
2023-12,94.41,5.46,AXIS BANK LTD.,0.13,1671.49,payee
2023-12,93.91,5.97,ICICI BANK,0.12,1444.29,payee
2023-12,94.91,5.0,HDFC BANK LTD,0.09,683.37,payee
2023-12,94.75,5.16,STATE BANK OF INDIA,0.09,628.41,payee
2023-12,96.8,3.09,FEDERAL BANK,0.11,222.45,payee
2023-12,94.03,5.83,INDUSIND BANK,0.14,75.01,payee
2023-12,89.74,10.06,RBL Bank,0.2,49.91,payee
2023-12,87.08,12.69,COSMOS BANK,0.22,35.39,payee
2023-12,95.3,4.6,KOTAK MAHINDRA BANK,0.1,26.91,payee
2023-12,92.33,7.47,INDIAN BANK,0.2,26.59,payee
2023-12,96.69,3.23,CANARA BANK,0.07,25.32,payee
2023-12,92.35,7.51,IDFC First Bank,0.13,23.6,payee
2023-12,92.68,7.2,AIRTEL PAYMENTS BANK,0.12,22.1,payee
2024-01,94.81,5.04,YES BANK LTD,0.15,4044.35,payee
2024-01,95.68,4.17,PAYTM PAYMENTS BANK,0.15,3141.54,payee
2024-01,94.2,5.63,AXIS BANK LTD.,0.17,1696.08,payee
2024-01,93.92,5.92,ICICI BANK,0.16,1408.71,payee
2024-01,94.43,5.44,STATE BANK OF INDIA,0.13,637.86,payee
2024-01,95.04,4.84,HDFC BANK LTD,0.12,627.74,payee
2024-01,96.82,3.04,FEDERAL BANK,0.14,231.87,payee
2024-01,95.19,4.68,INDUSIND BANK,0.14,69.2,payee
2024-01,90.97,8.8,RBL Bank,0.23,56.69,payee
2024-01,90.19,9.6,COSMOS BANK,0.2,43.8,payee
2024-01,95.25,4.61,KOTAK MAHINDRA BANK,0.14,28.77,payee
2024-01,92.06,7.72,INDIAN BANK,0.22,29.15,payee
2024-01,96.63,3.26,CANARA BANK,0.11,27.55,payee
2024-01,93.62,6.22,AIRTEL PAYMENTS BANK,0.16,25.58,payee
2024-01,93.24,6.52,TRI O TECH SOLUTIONS PRIVATE LIMITED,0.24,18.29,payee
2024-02,94.69,5.13,YES BANK LTD,0.18,4134.84,payee
2024-02,95.39,4.42,PAYTM PAYMENTS BANK,0.19,2845.89,payee
2024-02,94.32,5.5,AXIS BANK LTD.,0.18,1914.51,payee
2024-02,93.81,6.02,ICICI BANK,0.18,1386.09,payee
2024-02,94.13,5.72,STATE BANK OF INDIA,0.14,679.6,payee
2024-02,94.95,4.89,HDFC BANK LTD,0.15,636.88,payee
2024-02,96.78,3.05,FEDERAL BANK,0.17,248.51,payee
2024-02,94.9,4.91,INDUSIND BANK,0.19,76.56,payee
2024-02,91.36,8.43,RBL Bank,0.21,48.29,payee
2024-02,90.24,9.53,COSMOS BANK,0.23,44.02,payee
2024-02,96.78,3.16,National Payments Corporation of India (BHIM),0.07,37.98,payee
2024-02,93.8,6.03,AIRTEL PAYMENTS BANK,0.17,35.36,payee
2024-02,96.56,3.3,CANARA BANK,0.14,31.6,payee
2024-02,95.26,4.53,KOTAK MAHINDRA BANK,0.2,31.35,payee
2024-02,92.62,7.16,INDIAN BANK,0.22,29.93,payee
2024-03,93.6,6.27,YES BANK LTD,0.13,4802.48,payee
2024-03,94.85,5.03,PAYTM PAYMENTS BANK,0.12,2881.3,payee
2024-03,94.29,5.56,AXIS BANK LTD.,0.15,2152.41,payee
2024-03,93.75,6.11,ICICI BANK,0.14,1513.39,payee
2024-03,94.1,5.78,STATE BANK OF INDIA,0.12,820.84,payee
2024-03,95.06,4.83,HDFC BANK LTD,0.11,748.87,payee
2024-03,96.81,3.07,FEDERAL BANK,0.12,299.6,payee
2024-03,95.89,3.99,JUSPAY TECHNOLOGIES PVT LTD,0.12,222.05,payee
2024-03,95.12,4.75,INDUSIND BANK,0.12,72.39,payee
2024-03,93.83,6.04,AIRTEL PAYMENTS BANK,0.13,48.95,payee
2024-03,92.34,7.42,RBL Bank,0.24,45.77,payee
2024-03,90.54,9.29,COSMOS BANK,0.17,44.71,payee
2024-03,94.79,4.94,KOTAK MAHINDRA BANK,0.26,44.6,payee
2024-03,92.21,7.62,INDIAN BANK,0.17,40.25,payee
2024-03,96.5,3.4,CANARA BANK,0.1,40.2,payee
2024-04,93.55,6.28,YES BANK LTD,0.16,7639.57,payee
2024-04,94.11,5.71,AXIS BANK LTD.,0.19,2174.25,payee
2024-04,93.53,6.29,ICICI BANK,0.18,1461.34,payee
2024-04,94.19,5.68,STATE BANK OF INDIA,0.13,787.3,payee
2024-04,94.85,4.99,HDFC BANK LTD,0.16,726.18,payee
2024-04,96.74,3.1,FEDERAL BANK,0.16,306.19,payee
2024-04,94.75,5.11,AIRTEL PAYMENTS BANK,0.14,70.51,payee
2024-04,94.53,5.31,INDUSIND BANK,0.17,65.36,payee
2024-04,90.73,9.08,COSMOS BANK,0.19,61.64,payee
2024-04,93.3,6.45,RBL BANK,0.25,61.54,payee
2024-04,94.67,5.13,KOTAK MAHINDRA BANK,0.19,44.53,payee
2024-04,96.45,3.41,CANARA BANK,0.14,41.68,payee
2024-04,92.12,7.66,INDIAN BANK,0.22,37.22,payee
2024-04,96.47,3.39,ONE MOBIKWIK SYSTEMS LIMITED,0.14,26.8,payee
2024-04,92.74,7.05,TRI O TECH SOLUTIONS PRIVATE LIMITED,0.21,23.65,payee
2024-05,93.67,6.24,YES BANK LTD,0.09,8057.45,payee
2024-05,94.55,5.35,AXIS BANK LTD,0.1,2436.3,payee
2024-05,93.86,6.05,ICICI BANK,0.09,1521.86,payee
2024-05,94.46,5.46,STATE BANK OF INDIA,0.08,867.88,payee
2024-05,95.0,4.93,HDFC BANK LTD,0.08,754.96,payee
2024-05,96.99,2.94,FEDERAL BANK,0.08,322.26,payee
2024-05,94.87,5.05,AIRTEL PAYMENTS BANK,0.08,72.58,payee
2024-05,90.83,9.03,COSMOS BANK,0.14,71.19,payee
2024-05,94.65,5.27,INDUSIND BANK,0.08,68.86,payee
2024-05,93.59,6.22,RBL BANK,0.2,58.44,payee
2024-05,95.29,4.61,KOTAK MAHINDRA BANK,0.11,44.14,payee
2024-05,96.54,3.39,CANARA BANK,0.07,43.17,payee
2024-05,91.95,7.9,INDIAN BANK,0.15,40.65,payee
2024-05,96.55,3.36,ONE MOBIKWIK SYSTEMS LIMITED,0.08,32.82,payee
2024-05,91.26,8.62,FINO PAYMENTS BANK LIMITED,0.12,26.47,payee
2024-06,93.44,6.41,Yes bank Ltd.,0.15,7968.92,payee
2024-06,94.54,5.29,AXIS Bank Ltd.,0.17,2412.86,payee
2024-06,93.83,6.02,ICICI Bank Ltd.,0.15,1497.2,payee
2024-06,94.54,5.31,State bank Of India,0.15,840.24,payee
2024-06,94.65,5.23,HDFC Bank Ltd.,0.13,766.45,payee
2024-06,96.91,2.95,Federal Bank Ltd.,0.14,319.03,payee
2024-06,90.0,9.83,Cosmos Bank,0.17,81.64,payee
2024-06,94.25,5.62,Indusind Bank Ltd.,0.13,71.72,payee
2024-06,94.82,5.05,Airtel Payments Bank Ltd,0.13,64.33,payee
2024-06,93.72,6.01,RBL Bank Ltd.,0.27,51.96,payee
2024-06,96.48,3.39,Canara Bank,0.13,45.37,payee
2024-06,95.35,4.48,Kotak Mahindra Bank Ltd,0.17,40.95,payee
2024-06,96.49,3.39,One Mobikwik Systems Pvt - Ltd,0.12,36.26,payee
2024-06,93.07,6.76,Indian Bank,0.17,29.6,payee
2024-06,90.38,9.46,Fino Payments Bank Ltd.,0.17,28.43,payee
2024-07,92.89,6.99,Yes bank Ltd.,0.12,8202.97,payee
2024-07,94.23,5.65,AXIS Bank Ltd.,0.13,2586.3,payee
2024-07,93.37,6.51,ICICI Bank Ltd.,0.12,1521.57,payee
2024-07,94.39,5.49,State Bank of India,0.11,848.08,payee
2024-07,94.1,5.79,HDFC Bank Ltd.,0.11,838.86,payee
2024-07,96.84,3.04,Federal Bank Ltd.,0.11,328.61,payee
2024-07,89.26,10.56,THE COSMOS CO-OPERATIVE BANK LTD,0.18,130.34,payee
2024-07,93.85,6.02,Indusind Bank Ltd.,0.13,81.05,payee
2024-07,94.48,5.41,Airtel Payments Bank Ltd,0.12,68.42,payee
2024-07,95.86,4.03,Canara Bank,0.11,57.74,payee
2024-07,93.29,6.55,RBL Bank Ltd.,0.16,50.12,payee
2024-07,96.38,3.51,One Mobikwik Systems Pvt - Ltd,0.12,41.71,payee
2024-07,95.27,4.63,Kotak Mahindra Bank Ltd,0.1,38.7,payee
2024-07,94.51,5.29,Bank Of India IBM,0.2,22.13,payee
2024-07,92.79,7.06,Indian Bank,0.15,32.8,payee
2024-08,92.86,7.05,Yes bank Ltd.,0.09,8408.55,payee
2024-08,94.66,5.25,AXIS Bank Ltd.,0.09,2755.65,payee
2024-08,93.85,6.06,ICICI Bank Ltd.,0.09,1582.25,payee
2024-08,94.36,5.56,HDFC Bank Ltd.,0.08,934.55,payee
2024-08,94.97,4.94,State Bank of India,0.09,805.11,payee
2024-08,97.03,2.89,Federal Bank Ltd.,0.08,342.68,payee
2024-08,92.96,6.95,Indusind Bank Ltd.,0.09,95.73,payee
2024-08,94.8,5.12,Airtel Payments Bank Limited,0.08,89.1,payee
2024-08,95.41,4.51,Canara Bank,0.08,86.26,payee
2024-08,93.0,6.87,RBL Bank Ltd.,0.13,60.39,payee
2024-08,96.54,3.38,ONE MOBIKWIK SYSTEMS LIMITED,0.08,46.96,payee
2024-08,90.01,9.83,The Cosmos Co-Operative Bank Ltd,0.16,42.88,payee
2024-08,95.61,4.31,Kotak Mahindra Bank,0.08,40.26,payee
2024-08,90.38,9.47,Fino Payments Bank Ltd.,0.15,35.84,payee
2024-08,93.27,6.62,Indian Bank,0.11,35.23,payee
2024-09,92.64,7.21,Yes bank Ltd.,0.14,8450.94,payee
2024-09,94.67,5.18,AXIS Bank Ltd.,0.15,2830.55,payee
2024-09,93.95,5.9,ICICI Bank Ltd.,0.15,1548.92,payee
2024-09,94.44,5.42,HDFC Bank Ltd.,0.14,930.08,payee
2024-09,95.13,4.72,State Bank of India,0.15,838.01,payee
2024-09,96.91,2.94,Federal Bank Ltd.,0.15,331.05,payee
2024-09,92.33,7.52,Indusind Bank Ltd.,0.15,104.81,payee
2024-09,95.4,4.46,Canara Bank,0.14,96.46,payee
2024-09,94.6,5.27,Airtel Payments Bank Limited,0.13,87.26,payee
2024-09,92.68,7.15,RBL Bank Ltd.,0.17,65.9,payee
2024-09,96.41,3.45,ONE MOBIKWIK SYSTEMS LIMITED,0.14,49.66,payee
2024-09,89.98,9.85,Fino Payments Bank Ltd.,0.17,41.86,payee
2024-09,95.69,4.15,Kotak Mahindra Bank,0.16,38.28,payee
2024-09,94.88,4.99,Bank of Baroda,0.13,37.98,payee
2024-09,93.79,6.04,Tri O Tech Solutions Private Limited,0.18,29.47,payee
2024-10,91.19,8.43,Yes Bank Ltd.,0.38,9391.07,payee
2024-10,94.25,5.35,Axis Bank Ltd.,0.4,3213.02,payee
2024-10,93.61,5.96,ICICI Bank Ltd.,0.43,1700.9,payee
2024-10,94.2,5.36,HDFC Bank Ltd.,0.44,1035.39,payee
2024-10,94.71,4.91,State Bank of India,0.38,925.37,payee
2024-10,96.62,2.97,Federal Bank Ltd.,0.41,346.74,payee
2024-10,94.73,4.95,Canara Bank,0.32,148.39,payee
2024-10,92.29,7.3,Indusind Bank Ltd.,0.4,121.17,payee
2024-10,94.46,5.22,Airtel Payments Bank Limited,0.32,98.84,payee
2024-10,92.97,6.62,RBL Bank Ltd.,0.41,59.17,payee
2024-10,96.27,3.43,ONE MOBIKWIK SYSTEMS LIMITED,0.3,53.01,payee
2024-10,89.71,9.95,Fino Payments Bank Ltd.,0.35,45.72,payee
2024-10,95.09,4.57,Kotak Mahindra Bank,0.34,44.89,payee
2024-10,94.62,5.04,Bank of Baroda,0.35,39.53,payee
2024-10,93.2,6.36,Tri O Tech Solutions Private Limited,0.44,33.82,payee
2024-11,90.47,9.38,Yes Bank Ltd.,0.15,8805.07,payee
2024-11,94.77,5.08,Axis Bank Ltd.,0.15,3020.55,payee
2024-11,94.16,5.69,ICICI Bank Ltd.,0.15,1565.44,payee
2024-11,94.55,5.31,HDFC Bank Ltd.,0.13,941.31,payee
2024-11,95.35,4.5,State Bank of India,0.15,875.91,payee
2024-11,97.06,2.79,Federal Bank Ltd.,0.15,317.06,payee
2024-11,95.23,4.61,Canara Bank,0.16,141.79,payee
2024-11,95.05,4.81,Airtel Payments Bank Limited,0.13,107.19,payee
2024-11,92.11,7.74,Indusind Bank Ltd.,0.15,101.97,payee
2024-11,93.58,6.24,RBL Bank Ltd.,0.18,51.03,payee
2024-11,93.47,6.38,Kotak Mahindra Bank,0.15,46.5,payee
2024-11,96.65,3.22,One Mobikwik Systems Limited,0.12,45.61,payee
2024-11,90.08,9.71,Fino Payments Bank Ltd.,0.21,39.72,payee
2024-11,93.92,5.89,Tri O Tech Solutions Private Limited,0.19,32.41,payee
2024-11,94.73,5.12,Indian Overseas Bank,0.15,27.56,payee
2024-12,89.88,9.98,Yes Bank Ltd.,0.14,9422.57,payee
2024-12,94.59,5.26,Axis Bank Ltd.,0.15,3353.86,payee
2024-12,93.95,5.89,ICICI Bank Ltd.,0.15,1698.86,payee
2024-12,94.25,5.61,HDFC Bank Ltd.,0.14,1030.36,payee
2024-12,95.17,4.66,State Bank of India,0.16,967.93,payee
2024-12,97.0,2.86,Federal Bank Ltd.,0.14,335.98,payee
2024-12,95.19,4.67,Canara Bank,0.14,140.46,payee
2024-12,95.03,4.85,Airtel Payments Bank Limited,0.12,141.75,payee
2024-12,92.34,7.49,Indusind Bank Ltd.,0.17,103.6,payee
2024-12,92.88,6.96,RBL Bank Ltd.,0.16,64.53,payee
2024-12,92.88,6.98,Kotak Mahindra Bank,0.14,55.88,payee
2024-12,90.0,9.82,Fino Payments Bank Ltd.,0.18,49.66,payee
2024-12,96.67,3.21,One Mobikwik Systems Limited,0.12,48.69,payee
2024-12,93.61,6.2,Tri O Tech Solutions Private Limited,0.19,37.29,payee
2024-12,93.46,6.4,Bank of Maharashtra,0.14,33.55,payee
2025-01,88.81,10.96,Yes Bank Ltd.,0.24,9744.800896,payee
2025-01,94.17,5.57,Axis Bank Ltd.,0.26,3353.678198,payee
2025-01,93.43,6.31,ICICI Bank Ltd.,0.26,1709.147852,payee
2025-01,93.67,6.09,HDFC Bank Ltd.,0.23,1053.521733,payee
2025-01,94.64,5.06,State Bank of India,0.3,977.228211,payee
2025-01,96.78,2.97,Federal Bank Ltd.,0.25,330.408613,payee
2025-01,94.53,5.28,Airtel Payments Bank Limited,0.2,156.808025,payee
2025-01,94.91,4.85,Canara Bank,0.24,151.468997,payee
2025-01,92.41,7.37,Indusind Bank Ltd.,0.22,107.352507,payee
2025-01,91.78,7.98,RBL Bank Ltd.,0.24,77.798858,payee
2025-01,91.94,7.84,Kotak Mahindra Bank,0.21,61.331061,payee
2025-01,89.92,9.8,Fino Payments Bank Ltd.,0.29,50.162733,payee
2025-01,96.48,3.33,One Mobikwik Systems Limited,0.19,49.43456,payee
2025-01,92.97,6.72,Tri O Tech Solutions Private Limited,0.3,39.671322,payee
2025-01,94.13,5.65,Indian Overseas Bank,0.23,29.992102,payee
2025-02,88.71,11.13,Yes Bank Ltd.,0.16,9223,payee
2025-02,94.3,5.52,Axis Bank Ltd.,0.18,3198.69,payee
2025-02,93.47,6.33,ICICI Bank Ltd.,0.2,1590.89,payee
2025-02,93.72,6.13,HDFC Bank Ltd.,0.15,1010.36,payee
2025-02,94.82,4.99,State Bank of India,0.19,922.49,payee
2025-02,96.85,3.0,Federal Bank Ltd.,0.15,305.86,payee
2025-02,93.89,5.97,Airtel Payments Bank Limited,0.15,137.28,payee
2025-02,95.44,4.38,Canara Bank,0.18,130.41,payee
2025-02,92.7,7.14,Indusind Bank Ltd.,0.16,104.59,payee
2025-02,92.54,7.25,RBL Bank Ltd.,0.21,74.77,payee
2025-02,93.86,5.99,Kotak Mahindra Bank,0.15,61.91,payee
2025-02,96.47,3.39,One Mobikwik Systems Limited,0.13,47.74,payee
2025-02,89.91,9.85,Fino Payments Bank Ltd.,0.24,39.24,payee
2025-02,93.12,6.65,Tri O Tech Solutions Private Limited,0.23,38.43,payee
2025-02,92.73,7.04,NSDL Payments Bank Limited,0.23,28.18,payee
2025-03,88.88,10.98,Yes Bank Ltd.,0.13,10420.07,payee
2025-03,94.47,5.4,Axis Bank Ltd.,0.13,3652.62,payee
2025-03,93.71,6.16,ICICI Bank Ltd.,0.14,1793.36,payee
2025-03,93.76,6.11,HDFC Bank Ltd.,0.12,1157.83,payee
2025-03,95.08,4.78,State Bank of India,0.14,1043.16,payee
2025-03,96.9,2.98,Federal Bank Ltd.,0.13,331.85,payee
2025-03,93.64,6.24,Airtel Payments Bank Limited,0.12,187.41,payee
2025-03,93.17,6.7,Indusind Bank Ltd.,0.12,115.91,payee
2025-03,96.38,3.5,Canara Bank,0.11,105.51,payee
2025-03,92.91,6.94,RBL Bank Ltd.,0.15,86.13,payee
2025-03,94.72,5.16,Kotak Mahindra Bank,0.12,70.38,payee
2025-03,96.53,3.35,One Mobikwik Systems Limited,0.12,53.73,payee
2025-03,93.46,6.37,Tri O Tech Solutions Private Limited,0.17,45.31,payee
2025-03,89.7,10.09,Fino Payments Bank Ltd.,0.21,43.14,payee
2025-03,96.82,3.04,Unity Small Finance Bank Limited,0.13,42.5,payee
2025-04,88.91,10.88,Yes Bank Ltd.,0.21,10184.32,payee
2025-04,94.0,5.78,Axis Bank Ltd.,0.22,3608.52,payee
2025-04,93.51,6.19,ICICI Bank Ltd.,0.29,1611.8,payee
2025-04,93.49,6.24,HDFC Bank Ltd.,0.27,1181.26,payee
2025-04,94.58,5.07,State Bank of India,0.34,1105.53,payee
2025-04,96.26,3.55,Federal Bank Ltd.,0.2,317.93,payee
2025-04,94.22,5.58,Airtel Payments Bank Limited,0.2,189.83,payee
2025-04,93.1,6.63,Indusind Bank Ltd.,0.26,120.67,payee
2025-04,96.67,3.12,Canara Bank,0.21,86.72,payee
2025-04,92.48,7.31,RBL Bank Ltd.,0.21,86.75,payee
2025-04,94.52,5.28,Kotak Mahindra Bank,0.2,77.92,payee
2025-04,96.44,3.41,Unity Small Finance Bank Limited,0.15,58.99,payee
2025-04,96.43,3.4,One Mobikwik Systems Limited,0.16,52.96,payee
2025-04,93.23,6.5,Tri O Tech Solutions Private Limited,0.28,48.02,payee
2025-04,92.21,7.66,NSDL Payments Bank Limited,0.13,39.53,payee
2025-05,91.74,8.18,Yes Bank Ltd.,0.08,10200.44,payee
2025-05,94.45,5.48,Axis Bank Ltd.,0.07,3662.85,payee
2025-05,93.94,5.98,ICICI Bank Ltd.,0.08,1759.2,payee
2025-05,93.88,6.06,HDFC Bank Ltd.,0.06,1279.85,payee
2025-05,95.24,4.69,State Bank of India,0.07,1182.71,payee
2025-05,96.92,3.02,Federal Bank Ltd.,0.06,320.29,payee
2025-05,94.29,5.64,Airtel Payments Bank Limited,0.07,184.27,payee
2025-05,93.24,6.7,Indusind Bank Ltd.,0.07,116.59,payee
2025-05,92.94,6.94,RBL Bank Ltd.,0.11,103.75,payee
2025-05,97.07,2.88,Canara Bank,0.05,89,payee
2025-05,94.77,5.16,Kotak Mahindra Bank,0.07,82.5,payee
2025-05,96.86,3.08,Unity Small Finance Bank Limited,0.06,78.29,payee
2025-05,96.74,3.2,One Mobikwik Systems Limited,0.06,54.02,payee
2025-05,94.0,5.92,Tri O Tech Solutions Private Limited,0.08,52.97,payee
2025-05,93.38,6.53,NSDL Payments Bank Limited,0.1,43.57,payee
2025-06,91.76,8.1,Yes Bank Ltd.,0.15,10136.06,payee
2025-06,94.37,5.47,Axis Bank Ltd.,0.15,3513.35,payee
2025-06,93.94,5.9,ICICI Bank Ltd.,0.16,1746.59,payee
2025-06,93.94,5.92,HDFC Bank Ltd.,0.14,1274.8,payee
2025-06,95.17,4.65,State Bank of India,0.17,1182.78,payee
2025-06,97.04,2.81,Federal Bank Ltd.,0.15,298.92,payee
2025-06,93.47,6.39,Airtel Payments Bank Limited,0.13,203.03,payee
2025-06,92.58,7.27,Indusind Bank Ltd.,0.14,106.98,payee
2025-06,97.04,2.82,Unity Small Finance Bank Limited,0.15,93.44,payee
2025-06,97.03,2.84,Canara Bank,0.13,89.49,payee
2025-06,93.64,6.2,RBL Bank Ltd.,0.16,76.46,payee
2025-06,95.16,4.72,Kotak Mahindra Bank,0.12,67.33,payee
2025-06,93.91,5.91,Tri O Tech Solutions Private Limited,0.18,54.49,payee
2025-06,96.69,3.19,One Mobikwik Systems Limited,0.12,52.02,payee
2025-06,93.07,6.77,NSDL Payments Bank Limited,0.16,39.1,payee
2025-07,91.22,8.66,Yes Bank Ltd.,0.12,10547.67,payee
2025-07,94.14,5.74,Axis Bank Ltd.,0.12,3700.44,payee
2025-07,93.66,6.21,ICICI Bank Ltd.,0.14,1863.07,payee
2025-07,93.95,5.93,HDFC Bank Ltd.,0.12,1434.68,payee
2025-07,94.89,4.98,State Bank of India,0.13,1434.09,payee
2025-07,96.86,3.02,Federal Bank Ltd.,0.12,294.38,payee
2025-07,93.3,6.58,Airtel Payments Bank Limited,0.12,211.01,payee
2025-07,93.01,6.86,Indusind Bank Ltd.,0.12,118.8,payee
2025-07,96.99,2.9,Unity Small Finance Bank Limited,0.11,116.81,payee
2025-07,96.92,2.97,Canara Bank,0.11,96.68,payee
2025-07,93.64,6.22,RBL Bank Ltd.,0.15,92.99,payee
2025-07,95.01,4.75,Kotak Mahindra Bank,0.25,74.5,payee
2025-07,93.82,6.06,Tri O Tech Solutions Private Limited,0.12,59.98,payee
2025-07,96.58,3.33,One Mobikwik Systems Limited,0.1,55.68,payee
2025-07,91.98,7.89,NSDL Payments Bank Limited,0.13,43.15,payee
2025-08,91.47,8.41,Yes Bank Ltd.,0.12,10751.55,payee
2025-08,94.33,5.56,Axis Bank Ltd.,0.12,3903.49,payee
2025-08,93.74,6.13,ICICI Bank Ltd.,0.13,1864.54,payee
2025-08,95.02,4.87,State Bank of India,0.12,1467.24,payee
2025-08,94.06,5.84,HDFC Bank Ltd.,0.11,1408.32,payee
2025-08,96.95,2.94,Federal Bank Ltd.,0.11,288.22,payee
2025-08,94.28,5.61,Airtel Payments Bank Limited,0.11,230.49,payee
2025-08,97.01,2.88,Unity Small Finance Bank Limited,0.11,145.32,payee
2025-08,93.52,6.37,Indusind Bank Ltd.,0.12,139.32,payee
2025-08,91.99,7.86,RBL Bank Ltd.,0.14,98.99,payee
2025-08,97.03,2.88,Canara Bank,0.1,98.14,payee
2025-08,95.0,4.89,Kotak Mahindra Bank,0.11,80.84,payee
2025-08,93.98,5.9,Tri O Tech Solutions Private Limited,0.12,64.78,payee
2025-08,96.58,3.32,One Mobikwik Systems Limited,0.1,57.36,payee
2025-08,91.56,8.31,Suryoday Small Finance Bank Limited,0.13,54.93,payee
2025-09,91.07,8.82,Yes Bank Ltd.,0.11,10679.38,payee
2025-09,94.1,5.79,Axis Bank Ltd.,0.11,3986.2,payee
2025-09,93.22,6.66,ICICI Bank Ltd.,0.12,1760.17,payee
2025-09,94.85,5.04,State Bank of India,0.11,1395.66,payee
2025-09,93.67,6.23,HDFC Bank Ltd.,0.1,1352.58,payee
2025-09,96.95,2.95,Federal Bank Ltd.,0.1,276.54,payee
2025-09,94.23,5.68,Airtel Payments Bank Limited,0.1,222.65,payee
2025-09,96.87,3.03,Unity Small Finance Bank Limited,0.1,163.01,payee
2025-09,92.81,7.1,Indusind Bank Ltd.,0.1,126.86,payee
2025-09,96.99,2.92,Canara Bank,0.09,96.82,payee
2025-09,94.85,5.07,Kotak Mahindra Bank,0.09,80.83,payee
2025-09,93.81,6.07,Tri O Tech Solutions Private Limited,0.13,65.57,payee
2025-09,95.89,4.02,One Mobikwik Systems Limited,0.09,53.62,payee
2025-09,97.1,2.84,NPCI BHIM Services Ltd (NBSL),0.06,54.66,payee
2025-09,68.2,31.67,NSDL Payments Bank Limited,0.12,46.11,payee
2025-10,90.63,9.3,Yes Bank Ltd.,0.07,11310.88,payee
2025-10,94.16,5.77,Axis Bank Ltd.,0.07,4230.56,payee
2025-10,93.39,6.52,ICICI Bank Ltd.,0.09,1808.65,payee
2025-10,93.92,6.01,HDFC Bank Ltd.,0.07,1484.37,payee
2025-10,95.07,4.85,State Bank of India,0.08,1431.53,payee
2025-10,97.06,2.88,Federal Bank Ltd.,0.07,292.95,payee
2025-10,93.27,6.65,Airtel Payments Bank Limited,0.07,216.1,payee
2025-10,96.95,2.98,Unity Small Finance Bank Limited,0.07,185.8,payee
2025-10,92.99,6.94,Indusind Bank Ltd.,0.07,126.79,payee
2025-10,97.08,2.86,Canara Bank,0.06,100.84,payee
2025-10,95.23,4.71,Kotak Mahindra Bank,0.06,94.87,payee
2025-10,59.51,40.29,NSDL Payments Bank Limited,0.2,69.63,payee
2025-10,94.05,5.87,Tri O Tech Solutions Private Limited,0.08,69.2,payee
2025-10,96.83,3.13,NPCI BHIM Services Ltd (NBSL),0.04,62.923076,payee
2025-10,96.84,3.1,One Mobikwik Systems Limited,0.06,50.887869,payee
2025-11,90.29,9.61,Yes Bank Ltd.,0.09,11411.62,payee
2025-11,93.93,5.98,Axis Bank Ltd.,0.09,4057.15,payee
2025-11,93.27,6.63,ICICI Bank Ltd.,0.1,1780.72,payee
2025-11,93.91,6.01,HDFC Bank Ltd.,0.08,1448.32,payee
2025-11,95.24,4.67,State Bank of India,0.08,1318.96,payee
2025-11,96.99,2.93,Federal Bank Ltd.,0.09,292.26,payee
2025-11,92.86,7.05,Airtel Payments Bank Limited,0.09,207.29,payee
2025-11,96.93,2.98,Unity Small Finance Bank Limited,0.09,195.44,payee
2025-11,93.04,6.87,Indusind Bank Ltd.,0.08,119.87,payee
2025-11,95.3,4.63,Kotak Mahindra Bank,0.08,109.42,payee
2025-11,97.1,2.83,Canara Bank,0.07,100.72,payee
2025-11,54.45,45.43,NSDL Payments Bank Limited,0.12,97.12,payee
2025-11,93.96,5.94,Tri O Tech Solutions Private Limited,0.1,70.11,payee
2025-11,96.72,3.23,NPCI BHIM Services Ltd (NBSL),0.05,60.12,payee
2025-11,93.59,6.29,JIO Payments Bank Ltd,0.12,52.08,payee
2025-12,89.36,10.48,Yes Bank Ltd.,0.15,12052.89,payee
2025-12,93.63,6.21,Axis Bank Ltd.,0.15,4394.65,payee
2025-12,92.38,7.45,ICICI Bank Ltd.,0.16,1883.12,payee
2025-12,93.87,5.99,HDFC Bank Ltd.,0.14,1527.03,payee
2025-12,95.27,4.57,State Bank of India,0.16,1383.4,payee
2025-12,96.83,3.02,Federal Bank Ltd.,0.16,310.36,payee
2025-12,90.17,9.69,Airtel Payments Bank Limited,0.14,206.91,payee
2025-12,96.86,2.98,Unity Small Finance Bank Limited,0.16,207.57,payee
2025-12,59.87,39.98,NSDL Payments Bank Limited,0.15,128.69,payee
2025-12,95.32,4.55,Kotak Mahindra Bank,0.13,130.27,payee
2025-12,93.28,6.57,Indusind Bank Ltd.,0.15,127.54,payee
2025-12,96.99,2.86,Canara Bank,0.14,104.97,payee
2025-12,93.76,6.06,Tri O Tech Solutions Private Limited,0.18,75.24,payee
2025-12,68.09,31.77,RBL Bank Ltd.,0.14,72.05,payee
2025-12,96.58,3.32,NPCI BHIM Services Ltd (NBSL),0.1,64.95,payee
2026-01,88.89,11.04,Yes Bank Ltd.,0.07,12258.16,payee
2026-01,93.32,6.62,Axis Bank Ltd.,0.07,4367.01,payee
2026-01,92.32,7.61,ICICI Bank Ltd.,0.07,1899.44,payee
2026-01,94.0,5.94,HDFC Bank Ltd.,0.06,1510.96,payee
2026-01,95.33,4.61,State Bank of India,0.06,1274.95,payee
2026-01,96.99,2.95,Federal Bank Ltd.,0.06,308.22,payee
2026-01,89.23,10.68,Airtel Payments Bank Limited,0.09,225.99,payee
2026-01,96.96,2.98,Unity Small Finance Bank Limited,0.06,204.17,payee
2026-01,60.59,39.31,NSDL Payments Bank Limited,0.1,164.6,payee
2026-01,94.05,5.89,Kotak Mahindra Bank,0.06,137.57,payee
2026-01,93.47,6.46,Indusind Bank Ltd.,0.07,117.14,payee
2026-01,97.15,2.8,Canara Bank,0.05,107.17,payee
2026-01,93.22,6.68,JIO PAYMENTS BANK LTD,0.1,79.7,payee
2026-01,93.88,6.05,Tri O Tech Solutions Private Limited,0.07,76.38,payee
2026-01,96.14,3.82,NPCI BHIM Services Ltd (NBSL),0.04,72.96,payee
2026-02,88.82,11.11,Yes Bank Ltd.,0.07,11738.54,payee
2026-02,93.23,6.7,Axis Bank Ltd.,0.07,3973.03,payee
2026-02,92.4,7.53,ICICI Bank Ltd.,0.07,1709.78,payee
2026-02,94.19,5.75,HDFC Bank Ltd.,0.06,1376.09,payee
2026-02,95.68,4.25,State Bank of India,0.06,1247.32,payee
2026-02,97.19,2.75,Federal Bank Ltd.,0.06,285.12,payee
2026-02,88.31,11.6,Airtel Payments Bank Limited,0.08,222.79,payee
2026-02,97.12,2.81,Unity Small Finance Bank Limited,0.07,192.9,payee
2026-02,57.43,42.46,NSDL Payments Bank Limited,0.11,176.39,payee
2026-02,93.1,6.84,Kotak Mahindra Bank,0.06,127.33,payee
2026-02,93.17,6.75,Indusind Bank Ltd.,0.08,120.83,payee
2026-02,97.37,2.58,Canara Bank,0.05,101.16,payee
2026-02,94.19,5.72,JIO PAYMENTS BANK LTD,0.09,72.35,payee
2026-02,94.09,5.83,Tri O Tech Solutions Private Limited,0.07,69.99,payee
2026-02,96.61,3.35,NPCI BHIM Services Ltd (NBSL),0.04,68.45,payee
2026-03,88.36,11.55,Yes Bank Ltd.,0.08,12959.9,payee
2026-03,93.02,6.91,Axis Bank Ltd.,0.08,4658.59,payee
2026-03,92.02,7.91,ICICI Bank Ltd.,0.07,1849.27,payee
2026-03,94.09,5.84,HDFC Bank Ltd.,0.07,1480.42,payee
2026-03,95.75,4.18,State Bank of India,0.07,1373.96,payee
2026-03,97.24,2.68,Federal Bank Ltd.,0.07,317.21,payee
2026-03,50.13,49.74,NSDL Payments Bank Limited,0.13,257.94,payee
2026-03,87.74,12.18,Airtel Payments Bank Limited,0.08,249.51,payee
2026-03,97.18,2.75,Unity Small Finance Bank Limited,0.07,218.1,payee
2026-03,92.57,7.36,Kotak Mahindra Bank,0.07,158.42,payee
2026-03,92.9,7.01,Indusind Bank Ltd.,0.1,118.26,payee
2026-03,97.59,2.35,Canara Bank,0.06,109.43,payee
2026-03,94.19,5.74,Tri O Tech Solutions Private Limited,0.08,79.6,payee
2026-03,96.72,3.23,NPCI BHIM Services Ltd (NBSL),0.05,79.11,payee
2026-03,63.86,35.97,RBL Bank Ltd.,0.17,75.09,payee
2026-04,88.21,11.68,Yes Bank Ltd.,0.1,12903.599131,payee
2026-04,92.71,7.18,Axis Bank Ltd.,0.11,4583.365045,payee
2026-04,92.26,7.64,ICICI Bank Ltd.,0.1,1793.72984,payee
2026-04,94.1,5.81,HDFC Bank Ltd.,0.09,1445.426434,payee
2026-04,95.77,4.13,State Bank of India,0.1,1327.874673,payee
2026-04,97.17,2.73,Federal Bank Ltd.,0.1,318.108085,payee
2026-04,41.83,58.05,NSDL Payments Bank Limited,0.11,279.360683,payee
2026-04,86.18,13.72,Airtel Payments Bank Limited,0.1,249.292912,payee
2026-04,97.14,2.76,Unity Small Finance Bank Limited,0.1,229.21133,payee
2026-04,92.15,7.76,Kotak Mahindra Bank,0.08,164.608249,payee
2026-04,92.86,7.03,Indusind Bank Ltd.,0.11,126.344862,payee
2026-04,97.61,2.32,Canara Bank,0.07,108.034989,payee
2026-04,94.22,5.66,Tri O Tech Solutions Private Limited,0.11,83.616795,payee
2026-04,61.32,38.57,RBL Bank Ltd.,0.11,72.979531,payee
2026-04,96.43,3.5,National Payments Corporation of India,0.08,69.821232,payee
2026-05,0.88,0.12,Yes Bank Ltd.,0.0,13558.39,payee
2026-05,0.93,0.07,Axis Bank Ltd.,0.0,4778.58,payee
2026-05,0.93,0.07,ICICI Bank Ltd.,0.0,1766.12,payee
2026-05,0.94,0.06,HDFC Bank Ltd.,0.0,1482.84,payee
2026-05,0.96,0.04,State Bank of India,0.0,1367.95,payee
2026-05,0.97,0.03,Federal Bank Ltd.,0.0,313.91,payee
2026-05,0.44,0.56,NSDL Payments Bank Limited,0.0,300.76,payee
2026-05,0.82,0.18,Airtel Payments Bank Limited,0.0,276.15,payee
2026-05,0.98,0.02,Unity Small Finance Bank Limited,0.0,274.6,payee
2026-05,0.92,0.08,Kotak Mahindra Bank,0.0,174.03,payee
2026-05,0.93,0.07,Indusind Bank Ltd.,0.0,128.64,payee
2026-05,0.98,0.02,Canara Bank,0.0,107.92,payee
2026-05,0.94,0.06,Tri O Tech Solutions Private Limited,0.0,89.47,payee
2026-05,0.71,0.29,RBL Bank Ltd.,0.0,72.8,payee
2026-05,0.96,0.03,NPCI BHIM Services Ltd (NBSL),0.0,66.97,payee
2026-06,0.88,0.12,Yes Bank Ltd.,0.0,13329.31,payee
2026-06,0.93,0.07,Axis Bank Ltd.,0.0,4660.21,payee
2026-06,0.93,0.07,ICICI Bank Ltd.,0.0,1721.81,payee
2026-06,0.94,0.06,HDFC Bank Ltd.,0.0,1471.47,payee
2026-06,0.96,0.04,State Bank of India,0.0,1337.66,payee
2026-06,0.97,0.03,Unity Small Finance Bank Limited,0.0,295.9,payee
2026-06,0.97,0.03,Federal Bank Ltd.,0.0,287.45,payee
2026-06,0.42,0.58,NSDL Payments Bank Limited,0.0,282.86,payee
2026-06,0.8,0.2,Airtel Payments Bank Limited,0.0,282.26,payee
2026-06,0.91,0.09,Kotak Mahindra Bank,0.0,175.95,payee
2026-06,0.92,0.08,Indusind Bank Ltd.,0.0,122.45,payee
2026-06,0.97,0.02,Canara Bank,0.0,98.77,payee
2026-06,0.94,0.06,Tri O Tech Solutions Private Limited,0.0,88.74,payee
2026-06,0.74,0.26,RBL Bank Ltd.,0.0,71.89,payee
2026-06,0.97,0.03,NPCI BHIM Services Ltd (NBSL),0.0,65.71,payee
2026-07,86.97,12.91,Yes Bank Ltd.,0.13,13955.838629,payee
2026-07,92.05,7.83,Axis Bank Ltd.,0.13,4822.783655,payee
2026-07,92.58,7.3,ICICI Bank Ltd.,0.12,1787.442125,payee
2026-07,93.9,5.98,HDFC Bank Ltd.,0.11,1562.89956,payee
2026-07,95.61,4.26,State Bank of India,0.12,1384.231943,payee
2026-07,96.85,3.03,Unity Small Finance Bank Limited,0.12,345.067315,payee
2026-07,78.47,21.39,Airtel Payments Bank Limited,0.13,335.988124,payee
2026-07,39.6,60.21,NSDL Payments Bank Limited,0.19,297.161539,payee
2026-07,97.35,2.54,Federal Bank Ltd.,0.11,277.126615,payee
2026-07,90.39,9.5,Kotak Mahindra Bank,0.11,192.578749,payee
2026-07,91.83,8.02,Indusind Bank Ltd.,0.14,123.708339,payee
2026-07,97.31,2.59,Canara Bank,0.09,102.177426,payee
2026-07,93.95,5.92,Tri O Tech Solutions Private Limited,0.13,94.917817,payee
2026-07,96.19,3.72,NPCI BHIM Services Ltd (NBSL),0.09,73.449334,payee
2026-07,96.26,3.63,One Mobikwik Systems Limited,0.11,71.118996,payee
2026-08,87.2,12.73,Yes Bank Ltd.,0.07,14379.801232,payee
2026-08,91.84,8.09,Axis Bank Ltd.,0.07,4982.93877,payee
2026-08,92.63,7.3,ICICI Bank Ltd.,0.07,1814.113712,payee
2026-08,94.0,5.93,HDFC Bank Ltd.,0.07,1661.103746,payee
2026-08,95.63,4.3,State Bank of India,0.08,1431.158769,payee
2026-08,96.93,3.01,Unity Small Finance Bank Limited,0.06,404.242048,payee
2026-08,79.13,20.79,Airtel Payments Bank Limited,0.08,374.0672,payee
2026-08,38.93,60.97,NSDL Payments Bank Limited,0.1,305.951402,payee
2026-08,97.36,2.57,Federal Bank Ltd.,0.07,267.311262,payee
2026-08,89.78,10.15,Kotak Mahindra Bank,0.07,204.905198,payee
2026-08,92.46,7.42,Indusind Bank Ltd.,0.12,127.383929,payee
2026-08,97.33,2.6,Canara Bank,0.07,105.802291,payee
2026-08,94.0,5.92,Tri O Tech Solutions Private Limited,0.08,101.98656,payee
2026-08,96.23,3.71,One Mobikwik Systems Limited,0.06,76.137455,payee
2026-08,96.09,3.85,NPCI BHIM Services Ltd (NBSL),0.05,75.138574,payee
