alias,bank_name_std
AMERICAN EXPRESS,AMERICAN EXPRESS BANKING CORPORATION
AMERICAN EXPRESS BKG CORP,AMERICAN EXPRESS BANKING CORPORATION
BANDHAN BANK,BANDHAN BANK LTD
BARCLAYS BANK,BARCLAYS BANK PLC
CATHOLIC SYRIAN BANK LTD,CSB BANK LTD
CITIBANK,CITI BANK
CITY UNION BANK,CITY UNION BANK LTD
DBS LTD,DBS INDIA BANK LTD
DBS BANK,DBS INDIA BANK LTD
DEVELOPMENT CREDIT BANK,DCB BANK LTD
DEVELOPMENT CREDIT BANK LTD,DCB BANK LTD
DEUTSCHE BANK,DEUTSCHE BANK LTD
DHANALAKSHMI BANK LTD,DHANALAXMI BANK LTD
HSBC,HSBC LTD
HONGKONG AND SHANGHAI BKG CORPN,HSBC LTD
IDBI LTD,IDBI BANK LTD
IDFC BANK LTD,IDFC FIRST BANK LTD
ING VYSYA BANK,ING VYSYA BANK LTD
JAMMU AND KASHMIR BANK,JAMMU AND KASHMIR BANK LTD
LAXMI VILAS BANK LTD,LAKSHMI VILAS BANK LTD
RATNAKAR BANK LTD,RBL BANK LTD
RBS (ABN AMRO),ROYAL BANK OF SCOTLAND N V
SBI COMM AND INT BANK LTD,SBI COMMERCIAL AND INTERNATIONAL BANK LTD
SBM BANK INDIA,SBM BANK INDIA LTD
SOUTH INDIAN BANK LTD,SOUTH INDIAN BANK
STANDARD CHARTERED BANK,STANDARD CHARTERED BANK LTD
TAMILNADU MERCANTILE BANK LTD,TAMILNAD MERCANTILE BANK LTD
