bank_name_std,bank_type
ALLAHABAD BANK,Public Sector Banks
ANDHRA BANK,Public Sector Banks
CORPORATION BANK,Public Sector Banks
DENA BANK,Public Sector Banks
ORIENTAL BANK OF COMMERCE,Public Sector Banks
SYNDICATE BANK,Public Sector Banks
UNITED BANK OF INDIA,Public Sector Banks
VIJAYA BANK,Public Sector Banks
STATE BANK OF BIKANER AND JAIPUR,Public Sector Banks
STATE BANK OF HYDERABAD,Public Sector Banks
STATE BANK OF MYSORE,Public Sector Banks
STATE BANK OF PATIALA,Public Sector Banks
STATE BANK OF TRAVANCORE,Public Sector Banks
IDBI BANK LTD,Public Sector Banks
ING VYSYA BANK LTD,Private Sector Banks
LAKSHMI VILAS BANK LTD,Private Sector Banks
SBI COMMERCIAL AND INTERNATIONAL BANK LTD,Private Sector Banks
OMAN INTERNATIONAL BANK SAO,Foreign Banks
ROYAL BANK OF SCOTLAND N V,Foreign Banks
FIRSTRAND BANK,Foreign Banks
ADITYA BIRLA IDEA PAYMENTS BANK,Payment Banks
