atmid,label,year,month,revised,xls_url,xls_size,pdf_url,pdf_size,has_html_table
1,,,,0,,,,,0
2,Bank-wise ATM/POS/Card Statistics - November 2011,2011,11,0,https://rbidocs.rbi.org.in/rdocs/ATM/DOCs/BATC020812N.xls,34 kb,https://rbidocs.rbi.org.in/rdocs/ATM/PDFs/BATC020812N.pdf,13 kb,1
3,Bank-wise ATM/POS/Card Statistics - October 2011,2011,10,0,https://rbidocs.rbi.org.in/rdocs/ATM/DOCs/MAC0212OC11.xls,35 kb,https://rbidocs.rbi.org.in/rdocs/ATM/PDFs/MAC0212OC11.pdf,14 kb,1
4,Bank-wise ATM/POS/Card Statistics - September 2011,2011,9,0,https://rbidocs.rbi.org.in/rdocs/ATM/DOCs/MTC0212SP11.xls,34 kb,https://rbidocs.rbi.org.in/rdocs/ATM/PDFs/MTC0212SP11.pdf,14 kb,1
5,Bank-wise ATM/POS/Card Statistics - August 2011,2011,8,0,https://rbidocs.rbi.org.in/rdocs/ATM/DOCs/BATAU082011.xls,35 kb,https://rbidocs.rbi.org.in/rdocs/ATM/PDFs/BATAU082011.pdf,14 kb,1
6,Bank-wise ATM/POS/Card Statistics - July 2011,2011,7,0,https://rbidocs.rbi.org.in/rdocs/ATM/DOCs/BACJ072011.xls,31 kb,https://rbidocs.rbi.org.in/rdocs/ATM/PDFs/BACJ072011.pdf,14 kb,1
7,Bank-wise ATM/POS/Card Statistics - June 2011,2011,6,0,https://rbidocs.rbi.org.in/rdocs/ATM/DOCs/BAC062011FL.xls,30 kb,https://rbidocs.rbi.org.in/rdocs/ATM/PDFs/BAC062011FL.pdf,13 kb,1
8,Bank-wise ATM/POS/Card Statistics - May 2011,2011,5,0,https://rbidocs.rbi.org.in/rdocs/ATM/DOCs/ATMCMAY2011.xls,23 kb,https://rbidocs.rbi.org.in/rdocs/ATM/PDFs/ATMCMAY2011.pdf,14 kb,1
9,Bank-wise ATM/POS/Card Statistics - April 2011,2011,4,0,https://rbidocs.rbi.org.in/rdocs/ATM/DOCs/ATMCAP2011.xls,25 kb,https://rbidocs.rbi.org.in/rdocs/ATM/PDFs/ATMCAP2011.pdf,14 kb,1
10,Bank-wise ATM/POS/Card Statistics - December 2011,2011,12,0,https://rbidocs.rbi.org.in/rdocs/ATM/DOCs/BDEC140312.xls,28 kb,https://rbidocs.rbi.org.in/rdocs/ATM/PDFs/BDEC140312.pdf,13 kb,1
11,Bank-wise ATM/POS/Card Statistics - January 2012,2012,1,0,https://rbidocs.rbi.org.in/rdocs/ATM/DOCs/BATMP140312.xls,28 kb,https://rbidocs.rbi.org.in/rdocs/ATM/PDFs/BATMP140312.pdf,13 kb,1
12,Bank-wise ATM/POS/Card Statistics - February 2012,2012,2,0,https://rbidocs.rbi.org.in/rdocs/ATM/DOCs/BATMP230412.xls,29 kb,https://rbidocs.rbi.org.in/rdocs/ATM/PDFs/BATMP230412.pdf,83 kb,1
13,Bank-wise ATM/POS/Card Statistics - March 2012,2012,3,0,https://rbidocs.rbi.org.in/rdocs/ATM/DOCs/BATMP080612.xls,39 kb,https://rbidocs.rbi.org.in/rdocs/ATM/PDFs/BATMP080612.pdf,56 kb,1
14,Bank-wise ATM/POS/Card Statistics - April 2012,2012,4,0,https://rbidocs.rbi.org.in/rdocs/ATM/DOCs/ATMS08062012.xls,35 kb,https://rbidocs.rbi.org.in/rdocs/ATM/PDFs/ATMS08062012.pdf,79 kb,1
15,Bank-wise ATM/POS/Card Statistics - May 2012,2012,5,0,https://rbidocs.rbi.org.in/rdocs/ATM/DOCs/ATMS04072012.xls,46 kb,https://rbidocs.rbi.org.in/rdocs/ATM/PDFs/ATMS04072012.pdf,9 kb,1
16,Bank-wise ATM/POS/Card Statistics - June 2012,2012,6,0,https://rbidocs.rbi.org.in/rdocs/ATM/DOCs/ATMS26062012.xls,39 kb,https://rbidocs.rbi.org.in/rdocs/ATM/PDFs/ATMS26062012.pdf,15 kb,1
17,Bank-wise ATM/POS/Card Statistics - July 2012,2012,7,0,https://rbidocs.rbi.org.in/rdocs/ATM/DOCs/ATMS13092012.xls,74 kb,https://rbidocs.rbi.org.in/rdocs/ATM/PDFs/ATMS13092012.pdf,47 kb,1
18,Bank-wise ATM/POS/Card Statistics - August 2012,2012,8,0,https://rbidocs.rbi.org.in/rdocs/ATM/DOCs/ATMS04102012.xls,39 kb,https://rbidocs.rbi.org.in/rdocs/ATM/PDFs/ATMS04102012.pdf,15 kb,1
19,Bank-wise ATM/POS/Card Statistics - September 2012,2012,9,0,https://rbidocs.rbi.org.in/rdocs/ATM/DOCs/ATMS26112012F.xls,76 kb,https://rbidocs.rbi.org.in/rdocs/ATM/PDFs/ATMS26112012F.pdf,67 kb,1
20,Bank-wise ATM/POS/Card Statistics - October 2012,2012,10,0,https://rbidocs.rbi.org.in/rdocs/ATM/DOCs/ACOT12040213.xls,624 kb,https://rbidocs.rbi.org.in/rdocs/ATM/PDFs/ACOT12040213.pdf,70 kb,1
21,Bank-wise ATM/POS/Card Statistics - November 2012,2012,11,0,https://rbidocs.rbi.org.in/rdocs/ATM/DOCs/ATMN04022013F.xls,68 kb,https://rbidocs.rbi.org.in/rdocs/ATM/PDFs/ATMN04022013F.pdf,21 kb,1
22,Bank-wise ATM/POS/Card Statistics - December 2012,2012,12,0,https://rbidocs.rbi.org.in/rdocs/ATM/DOCs/ATM04022013.xls,70 kb,https://rbidocs.rbi.org.in/rdocs/ATM/PDFs/ATM04022013.pdf,24 kb,1
23,Bank-wise ATM/POS/Card Statistics - January 2013,2013,1,0,https://rbidocs.rbi.org.in/rdocs/ATM/DOCs/ATM140313.xls,70 kb,https://rbidocs.rbi.org.in/rdocs/ATM/PDFs/ATM140313.pdf,21 kb,1
24,Bank-wise ATM/POS/Card Statistics - February 2013,2013,2,0,https://rbidocs.rbi.org.in/rdocs/ATM/DOCs/ATM290513_FEB.xls,72 kb,https://rbidocs.rbi.org.in/rdocs/ATM/PDFs/ATM290513_FEB.pdf,21 kb,1
25,Bank-wise ATM/POS/Card Statistics - April 2013,2013,4,0,https://rbidocs.rbi.org.in/rdocs/ATM/DOCs/ATM290513_APR.xls,70 kb,https://rbidocs.rbi.org.in/rdocs/ATM/PDFs/ATM290513_APR.pdf,21 kb,1
26,Bank-wise ATM/POS/Card Statistics - March 2013,2013,3,0,https://rbidocs.rbi.org.in/rdocs/ATM/DOCs/ATM290513_MAR.xls,70 kb,https://rbidocs.rbi.org.in/rdocs/ATM/PDFs/ATM290513_MAR.pdf,21 kb,1
27,Bank-wise ATM/POS/Card Statistics - May 2013,2013,5,0,https://rbidocs.rbi.org.in/rdocs/ATM/DOCs/ATM13030713F.xls,68 kb,https://rbidocs.rbi.org.in/rdocs/ATM/PDFs/ATM13030713F.pdf,84 kb,1
28,Bank-wise ATM/POS/Card Statistics - June 2013,2013,6,0,https://rbidocs.rbi.org.in/rdocs/ATM/DOCs/CAT05082013F.xls,47 kb,https://rbidocs.rbi.org.in/rdocs/ATM/PDFs/CAT05082013F.pdf,154 kb,1
29,Bank-wise ATM/POS/Card Statistics - July 2013,2013,7,0,https://rbidocs.rbi.org.in/rdocs/ATM/DOCs/ATC190913FS.xls,38 kb,https://rbidocs.rbi.org.in/rdocs/ATM/PDFs/ATC190913FS.pdf,60 kb,1
30,Bank-wise ATM/POS/Card Statistics - August 2013,2013,8,0,https://rbidocs.rbi.org.in/rdocs/ATM/DOCs/ATMC23102013F.xls,39 kb,https://rbidocs.rbi.org.in/rdocs/ATM/PDFs/ATMC23102013F.pdf,57 kb,1
31,Bank-wise ATM/POS/Card Statistics - September - 2013,2013,9,0,https://rbidocs.rbi.org.in/rdocs/ATM/DOCs/ATMCS01012014.xls,66 kb,https://rbidocs.rbi.org.in/rdocs/ATM/PDFs/ATMCS01012014.pdf,16 kb,1
32,Bank-wise ATM/POS/Card Statistics - October - 2013,2013,10,0,https://rbidocs.rbi.org.in/rdocs/ATM/DOCs/AC10020114F.xls,39 kb,https://rbidocs.rbi.org.in/rdocs/ATM/PDFs/AC10020114F.pdf,15 kb,1
33,Bank-wise ATM/POS/Card Statistics - November - 2013,2013,11,0,https://rbidocs.rbi.org.in/rdocs/ATM/DOCs/AT1113080114S2.xls,43 kb,https://rbidocs.rbi.org.in/rdocs/ATM/PDFs/AT1113080114S2.pdf,25 kb,1
34,Bank-wise ATM/POS/Card Statistics - January - 2014,2014,1,0,https://rbidocs.rbi.org.in/rdocs/ATM/DOCs/ATC14012014.xls,37 kb,https://rbidocs.rbi.org.in/rdocs/ATM/PDFs/ATC14012014.pdf,58 kb,1
35,Bank-wise ATM/POS/Card Statistics - December - 2013,2013,12,0,https://rbidocs.rbi.org.in/rdocs/ATM/DOCs/ATMDEC15042014.xls,36 kb,https://rbidocs.rbi.org.in/rdocs/ATM/PDFs/ATMDEC15042014.pdf,58 kb,1
36,Bank-wise ATM/POS/Card Statistics - February - 2014,2014,2,0,https://rbidocs.rbi.org.in/rdocs/ATM/DOCs/ATMCSFEB070514.xls,40 kb,https://rbidocs.rbi.org.in/rdocs/ATM/PDFs/ATMCSFEB070514.pdf,76 kb,1
37,Bank-wise ATM/POS/Card Statistics - April - 2014,2014,4,0,https://rbidocs.rbi.org.in/rdocs/ATM/DOCs/ATSAR060614F.xls,60 kb,https://rbidocs.rbi.org.in/rdocs/ATM/PDFs/ATSAR060614F.pdf,74 kb,1
38,Bank-wise ATM/POS/Card Statistics - March - 2014,2014,3,0,https://rbidocs.rbi.org.in/rdocs/ATM/DOCs/AC060614FS.xls,41 kb,https://rbidocs.rbi.org.in/rdocs/ATM/PDFs/AC060614FS.pdf,79 kb,1
39,Bank-wise ATM/POS/Card Statistics - May - 2014,2014,5,0,https://rbidocs.rbi.org.in/rdocs/ATM/DOCs/ATC280814FS.xls,48 kb,https://rbidocs.rbi.org.in/rdocs/ATM/PDFs/ATC280814FS.pdf,79 kb,1
40,Bank-wise ATM/POS/Card Statistics - June - 2014,2014,6,0,https://rbidocs.rbi.org.in/rdocs/ATM/DOCs/ATMCS180914.xls,42 kb,https://rbidocs.rbi.org.in/rdocs/ATM/PDFs/ATMCS180914.pdf,79 kb,1
41,Bank-wise ATM/POS/Card Statistics - August - 2014,2014,8,0,https://rbidocs.rbi.org.in/rdocs/ATM/DOCs/ATMCSA300814.xls,41 kb,https://rbidocs.rbi.org.in/rdocs/ATM/PDFs/ATMCSA300814.pdf,14 kb,1
42,Bank-wise ATM/POS/Card Statistics - October - 2014,2014,10,0,https://rbidocs.rbi.org.in/rdocs/ATM/DOCs/ATMCSO3110214.xls,48 kb,https://rbidocs.rbi.org.in/rdocs/ATM/PDFs/ATMCSO3110214.pdf,15 kb,1
43,"Bank-wise ATM/POS/Card Statistics - September, 2014",2014,9,0,https://rbidocs.rbi.org.in/rdocs/ATM/DOCs/ATMCS181214_SEP14.xls,48 kb,https://rbidocs.rbi.org.in/rdocs/ATM/PDFs/ATMCS181214_SEP14.pdf,80 kb,1
44,Bank-wise ATM/POS/Card Statistics - July - 2014,2014,7,0,https://rbidocs.rbi.org.in/rdocs/ATM/DOCs/ATMCS310714.xls,64 kb,https://rbidocs.rbi.org.in/rdocs/ATM/PDFs/ATMCS310714.pdf,75 kb,1
45,"Bank-wise ATM/POS/Card Statistics - November, 2014",2014,11,0,https://rbidocs.rbi.org.in/rdocs/ATM/DOCs/ATM112014_NOV2014.xls,48 kb,https://rbidocs.rbi.org.in/rdocs/ATM/PDFs/ATM112014_NOV2014.pdf,19 kb,1
46,"Bank-wise ATM/POS/Card Statistics - December, 2014",2014,12,0,https://rbidocs.rbi.org.in/rdocs/ATM/DOCs/ATM1214CD0315T.xls,49 kb,https://rbidocs.rbi.org.in/rdocs/ATM/PDFs/ATM1214CD0315T.pdf,38 kb,1
47,"Bank-wise ATM/POS/Card Statistics - Jaunary, 2015",2015,1,0,https://rbidocs.rbi.org.in/rdocs/ATM/DOCs/0115D51D65698ADB49C383B80C90B37327AA.XLS,50 kb,https://rbidocs.rbi.org.in/rdocs/ATM/PDFs/0115D51D65698ADB49C383B80C90B37327AA.PDF,20 kb,1
48,"Bank-wise ATM/POS/Card Statistics - February, 2015",2015,2,0,https://rbidocs.rbi.org.in/rdocs/ATM/DOCs/021528C05BED753A4A879F85627433E1984B.XLS,50 kb,https://rbidocs.rbi.org.in/rdocs/ATM/PDFs/021528C05BED753A4A879F85627433E1984B.PDF,20 kb,1
49,"Bank-wise ATM/POS/Card Statistics - March, 2015",2015,3,0,https://rbidocs.rbi.org.in/rdocs/ATM/DOCs/0315C5A4D71115B24D62B412302AA877CAC2.XLS,50 kb,https://rbidocs.rbi.org.in/rdocs/ATM/PDFs/0315C5A4D71115B24D62B412302AA877CAC2.PDF,14 kb,1
50,"Bank-wise ATM/POS/Card Statistics - April, 2015",2015,4,0,https://rbidocs.rbi.org.in/rdocs/ATM/DOCs/ATMPOSC042015CBF2BCF194534C23835A58C43D465ECF.XLS,50 kb,https://rbidocs.rbi.org.in/rdocs/ATM/PDFs/ATMPOSC042015CBF2BCF194534C23835A58C43D465ECF.PDF,12 kb,1
51,"Bank-wise ATM/POS/Card Statistics - May, 2015",2015,5,0,https://rbidocs.rbi.org.in/rdocs/ATM/DOCs/ATM11C999C9044E4DA5B57B8F01809A839D.XLS,51 kb,https://rbidocs.rbi.org.in/rdocs/ATM/PDFs/ATM11C999C9044E4DA5B57B8F01809A839D.PDF,13 kb,1
52,"Bank-wise ATM/POS/Card Statistics - June, 2015",2015,6,0,https://rbidocs.rbi.org.in/rdocs/ATM/DOCs/ATMC7018880AAE64B9C901E3CF4407893D6.XLS,45 kb,https://rbidocs.rbi.org.in/rdocs/ATM/PDFs/ATMC7018880AAE64B9C901E3CF4407893D6.PDF,51 kb,1
53,"Bank-wise ATM/POS/Card Statistics - August, 2015",2015,8,0,https://rbidocs.rbi.org.in/rdocs/ATM/DOCs/AM0FB09196B028442EA6FB9A392A3FEA32.XLS,40 kb,https://rbidocs.rbi.org.in/rdocs/ATM/PDFs/AM0FB09196B028442EA6FB9A392A3FEA32.PDF,42 kb,1
54,"Bank-wise ATM/POS/Card Statistics - July, 2015",2015,7,0,https://rbidocs.rbi.org.in/rdocs/ATM/DOCs/ATM94FB01AB84644B49AEA67C03B9A1C334.XLS,42 kb,https://rbidocs.rbi.org.in/rdocs/ATM/PDFs/ATM94FB01AB84644B49AEA67C03B9A1C334.PDF,45 kb,1
55,Bank-wise ATM/POS/Card Statistics - September 2015,2015,9,0,https://rbidocs.rbi.org.in/rdocs/ATM/DOCs/AT091500B99875ABFA490590C59CA8C56E8860.XLS,45 kb,https://rbidocs.rbi.org.in/rdocs/ATM/PDFs/AT091500B99875ABFA490590C59CA8C56E8860.PDF,14 kb,1
56,Bank-wise ATM/POS/Card Statistics - October 2015,2015,10,0,https://rbidocs.rbi.org.in/rdocs/ATM/DOCs/AT1015D7D4F2BE7E4E412BBF4AB05C8A5DB585.XLS,45 kb,https://rbidocs.rbi.org.in/rdocs/ATM/PDFs/AT1015D7D4F2BE7E4E412BBF4AB05C8A5DB585.PDF,14 kb,1
57,Bank-wise ATM/POS/Card Statistics - November 2015,2015,11,0,https://rbidocs.rbi.org.in/rdocs/ATM/DOCs/ATM1115EEA46C4D41A94C92AB8C8CCD5B365F31.XLS,45 kb,https://rbidocs.rbi.org.in/rdocs/ATM/PDFs/ATM1115EEA46C4D41A94C92AB8C8CCD5B365F31.PDF,14 kb,1
58,Bank-wise ATM/POS/Card Statistics - December 2015,2015,12,0,https://rbidocs.rbi.org.in/rdocs/ATM/DOCs/ATM15032016927415422E6849EC8CFB2DD40E1939D3.XLS,45 kb,https://rbidocs.rbi.org.in/rdocs/ATM/PDFs/ATM15032016927415422E6849EC8CFB2DD40E1939D3.PDF,13 kb,1
59,Bank-wise ATM/POS/Card Statistics - January 2016,2016,1,0,https://rbidocs.rbi.org.in/rdocs/ATM/DOCs/ATM1905201609026FB59358486DACE2EF0D2A7B701F.XLS,45 kb,https://rbidocs.rbi.org.in/rdocs/ATM/PDFs/ATM1905201609026FB59358486DACE2EF0D2A7B701F.PDF,20 kb,1
60,Bank-wise ATM/POS/Card Statistics - February 2016,2016,2,0,https://rbidocs.rbi.org.in/rdocs/ATM/DOCs/ATMP19052016A8F11ACA9BB7455789D99B4FDB622AF5.XLS,45 kb,https://rbidocs.rbi.org.in/rdocs/ATM/PDFs/ATMP19052016A8F11ACA9BB7455789D99B4FDB622AF5.PDF,13 kb,1
61,Bank-wise ATM/POS/Card Statistics - March 2016,2016,3,0,https://rbidocs.rbi.org.in/rdocs/ATM/DOCs/ATMP26051617DD6CC822DF4ABE9D871637BD28C685.XLS,45 kb,https://rbidocs.rbi.org.in/rdocs/ATM/PDFs/ATMP26051617DD6CC822DF4ABE9D871637BD28C685.PDF,88 kb,1
62,Bank-wise ATM/POS/Card Statistics - April 2016,2016,4,0,https://rbidocs.rbi.org.in/rdocs/ATM/DOCs/ATMP1909166111107147384707A7C6EAF150C7818C.XLS,45 kb,https://rbidocs.rbi.org.in/rdocs/ATM/PDFs/ATMP1909166111107147384707A7C6EAF150C7818C.PDF,13 kb,1
63,Bank-wise ATM/POS/Card Statistics - May 2016,2016,5,0,https://rbidocs.rbi.org.in/rdocs/ATM/DOCs/ATMP190916BBA584CEA0A349918DAAE25AAF43DBE6.XLS,46 kb,https://rbidocs.rbi.org.in/rdocs/ATM/PDFs/ATMP190916BBA584CEA0A349918DAAE25AAF43DBE6.PDF,13 kb,1
64,Bank-wise ATM/POS/Card Statistics - June 2016,2016,6,0,https://rbidocs.rbi.org.in/rdocs/ATM/DOCs/ATMPC062016336D1A8BBFE14C86B0B8EA8A9DD3D1D5.XLS,52 kb,https://rbidocs.rbi.org.in/rdocs/ATM/PDFs/ATMPC062016336D1A8BBFE14C86B0B8EA8A9DD3D1D5.PDF,13 kb,1
65,Bank-wise ATM/POS/Card Statistics - July 2016,2016,7,0,https://rbidocs.rbi.org.in/rdocs/ATM/DOCs/ATMPC072016267F1E02BD8C4CEAB9EBD19053506491.XLS,51 kb,https://rbidocs.rbi.org.in/rdocs/ATM/PDFs/ATMPC072016267F1E02BD8C4CEAB9EBD19053506491.PDF,13 kb,1
66,Bank-wise ATM/POS/Card Statistics - August 2016,2016,8,0,https://rbidocs.rbi.org.in/rdocs/ATM/DOCs/ATMPC17112016311BE3CCA94143DAAB5462E4C9733E28.XLS,45 kb,https://rbidocs.rbi.org.in/rdocs/ATM/PDFs/ATMPC17112016311BE3CCA94143DAAB5462E4C9733E28.PDF,51 kb,1
67,Bank-wise ATM/POS/Card Statistics - October 2016,2016,10,0,https://rbidocs.rbi.org.in/rdocs/ATM/DOCs/ATMP10201674D5952EB1EA43E284E00DA0EA835F56.XLS,46 kb,https://rbidocs.rbi.org.in/rdocs/ATM/PDFs/ATMP10201674D5952EB1EA43E284E00DA0EA835F56.PDF,44 kb,1
68,Bank-wise ATM/POS/Card Statistics - September 2016,2016,9,0,https://rbidocs.rbi.org.in/rdocs/ATM/DOCs/ATMPC092016A421A7F74BDB4852A3B24D03314D9FD5.XLS,44 kb,https://rbidocs.rbi.org.in/rdocs/ATM/PDFs/ATMPC092016A421A7F74BDB4852A3B24D03314D9FD5.PDF,14 kb,1
69,Bank-wise ATM/POS/Card Statistics - November 2016,2016,11,0,https://rbidocs.rbi.org.in/rdocs/ATM/DOCs/ATMC112016AB3CC0B5BA804346B54B6E2B9369D3AB.XLSX,262 kb,https://rbidocs.rbi.org.in/rdocs/ATM/PDFs/ATMC112016AB3CC0B5BA804346B54B6E2B9369D3AB.PDF,44 kb,1
70,Bank-wise ATM/POS/Card Statistics - December 2016,2016,12,0,https://rbidocs.rbi.org.in/rdocs/ATM/DOCs/ATMCS020320174998E7DF762F4563B616BFDD89CBE768.XLSX,261 kb,https://rbidocs.rbi.org.in/rdocs/ATM/PDFs/ATMCS020320174998E7DF762F4563B616BFDD89CBE768.PDF,32 kb,1
71,Bank-wise ATM/POS/Card Statistics - January 2017,2017,1,0,https://rbidocs.rbi.org.in/rdocs/ATM/DOCs/ATMCS012017849801C2A75D447F9C7E683BDC7B1A8D.XLS,46 kb,https://rbidocs.rbi.org.in/rdocs/ATM/PDFs/ATMCS012017849801C2A75D447F9C7E683BDC7B1A8D.PDF,60 kb,1
72,Bank-wise ATM/POS/Card Statistics - February 2017,2017,2,0,https://rbidocs.rbi.org.in/rdocs/ATM/DOCs/ATMCS290320170C76F4DE2FDC46CEB74890D252924C2E.XLSX,264 kb,https://rbidocs.rbi.org.in/rdocs/ATM/PDFs/ATMCS290320170C76F4DE2FDC46CEB74890D252924C2E.PDF,72 kb,1
73,Bank-wise ATM/POS/Card Statistics - March 2017,2017,3,0,https://rbidocs.rbi.org.in/rdocs/ATM/DOCs/ATMCS250420177F190F923BD24A38846A9F268EBBE16D.XLSX,262 kb,https://rbidocs.rbi.org.in/rdocs/ATM/PDFs/ATMCS250420177F190F923BD24A38846A9F268EBBE16D.PDF,51 kb,1
74,Bank-wise ATM/POS/Card Statistics - April 2017,2017,4,0,https://rbidocs.rbi.org.in/rdocs/ATM/DOCs/ATMCS0206201784383FD600E6490393E42C5537C7DF28.XLSX,263 kb,https://rbidocs.rbi.org.in/rdocs/ATM/PDFs/ATMCS0206201784383FD600E6490393E42C5537C7DF28.PDF,47 kb,1
75,Bank-wise ATM/POS/Card Statistics - May 2017,2017,5,0,https://rbidocs.rbi.org.in/rdocs/ATM/DOCs/ATM0530032017DA5E56A44BD447B58037A3B88B8B12DE.XLSX,263 kb,https://rbidocs.rbi.org.in/rdocs/ATM/PDFs/ATM0530032017DA5E56A44BD447B58037A3B88B8B12DE.PDF,215 kb,1
76,Bank-wise ATM/POS/Card Statistics - June 2017,2017,6,0,https://rbidocs.rbi.org.in/rdocs/ATM/DOCs/ATM7C0D179A507A4735B4E1343F006DB7CD.XLSX,261 kb,https://rbidocs.rbi.org.in/rdocs/ATM/PDFs/ATM7C0D179A507A4735B4E1343F006DB7CD.PDF,47 kb,1
77,Bank-wise ATM/POS/Card Statistics - July 2017,2017,7,0,https://rbidocs.rbi.org.in/rdocs/ATM/DOCs/ATM072017B116CE3C8542429A8252F4C42D717773.XLSX,262 kb,https://rbidocs.rbi.org.in/rdocs/ATM/PDFs/ATM072017B116CE3C8542429A8252F4C42D717773.PDF,46 kb,1
78,Bank-wise ATM/POS/Card Statistics - August 2017,2017,8,0,https://rbidocs.rbi.org.in/rdocs/ATM/DOCs/ATMCS08201703C191B257D84D59AE697AB5544DFD67.XLSX,263 kb,https://rbidocs.rbi.org.in/rdocs/ATM/PDFs/ATMCS08201703C191B257D84D59AE697AB5544DFD67.PDF,33 kb,1
79,Bank-wise ATM/POS/Card Statistics - September 2017,2017,9,0,https://rbidocs.rbi.org.in/rdocs/ATM/DOCs/ATM090211201773DED09A7B1E47F3904982E3483508F1.XLSX,261 kb,https://rbidocs.rbi.org.in/rdocs/ATM/PDFs/ATM090211201773DED09A7B1E47F3904982E3483508F1.PDF,35 kb,1
80,Bank-wise ATM/POS/Card Statistics - October 2017,2017,10,0,https://rbidocs.rbi.org.in/rdocs/ATM/DOCs/ATM102017AF6781A8A4AD4F1F9497970ECC5BE6BC.XLSX,267 kb,https://rbidocs.rbi.org.in/rdocs/ATM/PDFs/ATM102017AF6781A8A4AD4F1F9497970ECC5BE6BC.PDF,14 kb,1
81,Bank-wise ATM/POS/Card Statistics - November 2017,2017,11,0,https://rbidocs.rbi.org.in/rdocs/ATM/DOCs/ATM112017607DDC077D5C4860A8DFC40B642E0A1C.XLSX,21 kb,https://rbidocs.rbi.org.in/rdocs/ATM/PDFs/ATM112017607DDC077D5C4860A8DFC40B642E0A1C.PDF,13 kb,1
82,Bank-wise ATM/POS/Card Statistics - December 2017,2017,12,0,https://rbidocs.rbi.org.in/rdocs/ATM/DOCs/ATM1220175D43321D1D7A40198491F0E1A1647FD4.XLSX,34 kb,https://rbidocs.rbi.org.in/rdocs/ATM/PDFs/ATM1220175D43321D1D7A40198491F0E1A1647FD4.PDF,17 kb,1
83,Bank-wise ATM/POS/Card Statistics - January 2018,2018,1,0,https://rbidocs.rbi.org.in/rdocs/ATM/DOCs/ATMCS012018B1E1B6E44F844937B6232199D1B049CD.XLSX,20 kb,https://rbidocs.rbi.org.in/rdocs/ATM/PDFs/ATMCS012018B1E1B6E44F844937B6232199D1B049CD.PDF,64 kb,1
84,Bank-wise ATM/POS/Card Statistics - February 2018,2018,2,0,https://rbidocs.rbi.org.in/rdocs/ATM/DOCs/ATMC05042018BD17531E5E874917881199E7406E25CC.XLS,45 kb,https://rbidocs.rbi.org.in/rdocs/ATM/PDFs/ATMC05042018BD17531E5E874917881199E7406E25CC.PDF,33 kb,1
85,Bank-wise ATM/POS/Card Statistics - March 2018,2018,3,0,https://rbidocs.rbi.org.in/rdocs/ATM/DOCs/ATMCS0320183246CA4C56D84E7CB208A15224EA4965.XLS,50 kb,https://rbidocs.rbi.org.in/rdocs/ATM/PDFs/ATMCS0320183246CA4C56D84E7CB208A15224EA4965.PDF,48 kb,1
86,Bank-wise ATM/POS/Card Statistics - April 2018,2018,4,0,https://rbidocs.rbi.org.in/rdocs/ATM/DOCs/ATMCS15061848ABB81A795C4B3BA5FBD9B49BD1D600.XLS,46 kb,https://rbidocs.rbi.org.in/rdocs/ATM/PDFs/ATMCS15061848ABB81A795C4B3BA5FBD9B49BD1D600.PDF,226 kb,1
87,Bank-wise ATM/POS/Card Statistics - May 2018,2018,5,0,https://rbidocs.rbi.org.in/rdocs/ATM/DOCs/ATMCS090720181BBB84170708495892008F45102672ED.XLS,45 kb,https://rbidocs.rbi.org.in/rdocs/ATM/PDFs/ATMCS090720181BBB84170708495892008F45102672ED.PDF,205 kb,1
88,Bank-wise ATM/POS/Card Statistics - June 2018,2018,6,0,https://rbidocs.rbi.org.in/rdocs/ATM/DOCs/ATMCS160820185D141820572B455DB74C5B7AD8C1489E.XLS,53 kb,https://rbidocs.rbi.org.in/rdocs/ATM/PDFs/ATMCS160820185D141820572B455DB74C5B7AD8C1489E.PDF,218 kb,1
89,Bank-wise ATM/POS/Card Statistics - July 2018,2018,7,0,https://rbidocs.rbi.org.in/rdocs/ATM/DOCs/ATMC072018E5E01A94BD0C434C833A3198A56AFAEF.XLSX,20 kb,https://rbidocs.rbi.org.in/rdocs/ATM/PDFs/ATMC072018E5E01A94BD0C434C833A3198A56AFAEF.PDF,206 kb,1
90,Bank-wise ATM/POS/Card Statistics - August 2018,2018,8,0,https://rbidocs.rbi.org.in/rdocs/ATM/DOCs/ATMC0820187FB940DB7996455284154AEE2E84D43D.XLSX,20 kb,https://rbidocs.rbi.org.in/rdocs/ATM/PDFs/ATMC0820187FB940DB7996455284154AEE2E84D43D.PDF,264 kb,1
91,Bank-wise ATM/POS/Card Statistics - September 2018,2018,9,0,https://rbidocs.rbi.org.in/rdocs/ATM/DOCs/ATMA5B97F5A4986495493E6B8DA04842E92.XLSX,21 kb,https://rbidocs.rbi.org.in/rdocs/ATM/PDFs/ATMA5B97F5A4986495493E6B8DA04842E92.PDF,92 kb,1
92,Bank-wise ATM/POS/Card Statistics - October 2018,2018,10,0,https://rbidocs.rbi.org.in/rdocs/ATM/DOCs/ATMP1020180ABBD4D729CB4680964A3AC265C06EF0.XLSX,21 kb,https://rbidocs.rbi.org.in/rdocs/ATM/PDFs/ATMP1020180ABBD4D729CB4680964A3AC265C06EF0.PDF,143 kb,1
93,Bank-wise ATM/POS/Card Statistics - November 2018,2018,11,0,https://rbidocs.rbi.org.in/rdocs/ATM/DOCs/ATM112018A206EC12D8424A94A465C149D9C4A41D.XLSX,21 kb,https://rbidocs.rbi.org.in/rdocs/ATM/PDFs/ATM112018A206EC12D8424A94A465C149D9C4A41D.PDF,103 kb,1
94,Bank-wise ATM/POS/Card Statistics - December 2018,2018,12,0,https://rbidocs.rbi.org.in/rdocs/ATM/DOCs/ATMDEC260218395F2BAE987545F6AE800D4709C9582F.XLSX,20 kb,https://rbidocs.rbi.org.in/rdocs/ATM/PDFs/ATMDEC260218395F2BAE987545F6AE800D4709C9582F.PDF,101 kb,1
95,Bank-wise ATM/POS/Card Statistics - January 2019,2019,1,0,https://rbidocs.rbi.org.in/rdocs/ATM/DOCs/ATMC0120190C5F282E1F78437C842B43C845530FE7.XLSX,20 kb,https://rbidocs.rbi.org.in/rdocs/ATM/PDFs/ATMC0120190C5F282E1F78437C842B43C845530FE7.PDF,227 kb,1
96,Bank-wise ATM/POS/Card Statistics - February 2019,2019,2,0,https://rbidocs.rbi.org.in/rdocs/ATM/DOCs/ATM022019CE27C7C3D4DE4DBEB164F19A20F0A7AC.XLSX,20 kb,https://rbidocs.rbi.org.in/rdocs/ATM/PDFs/ATM022019CE27C7C3D4DE4DBEB164F19A20F0A7AC.PDF,191 kb,1
97,Bank-wise ATM/POS/Card Statistics - March 2019,2019,3,0,https://rbidocs.rbi.org.in/rdocs/ATM/DOCs/ATM0320192289B618AE554B30A7B9D3230BD6713C.XLSX,20 kb,https://rbidocs.rbi.org.in/rdocs/ATM/PDFs/ATM0320192289B618AE554B30A7B9D3230BD6713C.PDF,375 kb,1
98,Bank-wise ATM/POS/Card Statistics - April 2019,2019,4,0,https://rbidocs.rbi.org.in/rdocs/ATM/DOCs/ATM042019A0FB8E1CBBD543ABBA614DED21021147.XLSX,20 kb,https://rbidocs.rbi.org.in/rdocs/ATM/PDFs/ATM042019A0FB8E1CBBD543ABBA614DED21021147.PDF,431 kb,1
99,Bank-wise ATM/POS/Card Statistics - May 2019,2019,5,0,https://rbidocs.rbi.org.in/rdocs/ATM/DOCs/ATM052019E96EC259708C4ED9AD9E0C6B5E8B6DD5.XLSX,20 kb,https://rbidocs.rbi.org.in/rdocs/ATM/PDFs/ATM052019E96EC259708C4ED9AD9E0C6B5E8B6DD5.PDF,431 kb,1
100,Bank-wise ATM/POS/Card Statistics - June 2019,2019,6,0,https://rbidocs.rbi.org.in/rdocs/ATM/DOCs/ATM062019E3FE782DF9FE41C59EEFA19760DD58A6.XLSX,20 kb,https://rbidocs.rbi.org.in/rdocs/ATM/PDFs/ATM062019E3FE782DF9FE41C59EEFA19760DD58A6.PDF,453 kb,1
101,Bank-wise ATM/POS/Card Statistics - July 2019,2019,7,0,https://rbidocs.rbi.org.in/rdocs/ATM/DOCs/ATM07201982720ABF86D442C5911E4FDFE3554BCC.XLSX,20 kb,https://rbidocs.rbi.org.in/rdocs/ATM/PDFs/ATM07201982720ABF86D442C5911E4FDFE3554BCC.PDF,77 kb,1
102,Bank-wise ATM/POS/Card Statistics - August 2019,2019,8,0,https://rbidocs.rbi.org.in/rdocs/ATM/DOCs/ATM082019999D63000F6E47F9891ACE89F85009EE.XLSX,20 kb,https://rbidocs.rbi.org.in/rdocs/ATM/PDFs/ATM082019999D63000F6E47F9891ACE89F85009EE.PDF,72 kb,1
103,Bank-wise ATM/POS/Card Statistics - September 2019,2019,9,0,https://rbidocs.rbi.org.in/rdocs/ATM/DOCs/ATM0920197C5B5D020D90408BB3C5FA0A80B49841.XLSX,20 kb,https://rbidocs.rbi.org.in/rdocs/ATM/PDFs/ATM0920197C5B5D020D90408BB3C5FA0A80B49841.PDF,76 kb,1
104,Bank-wise ATM/POS/Card Statistics - October 2019,2019,10,0,https://rbidocs.rbi.org.in/rdocs/ATM/DOCs/ATMOCT1925758787C7284D888FB507C05A618599.XLSX,22 kb,https://rbidocs.rbi.org.in/rdocs/ATM/PDFs/ATMOCT1925758787C7284D888FB507C05A618599.PDF,186 kb,1
105,Bank-wise ATM/POS/Card Statistics - November 2019,2019,11,0,https://rbidocs.rbi.org.in/rdocs/ATM/DOCs/ATMCS112019740C7A5278BD451399D4EAEEAF14D44E.XLSX,20 kb,https://rbidocs.rbi.org.in/rdocs/ATM/PDFs/ATMCS112019740C7A5278BD451399D4EAEEAF14D44E.PDF,77 kb,1
106,Bank-wise ATM/POS/Card Statistics - December 2019,2019,12,0,https://rbidocs.rbi.org.in/rdocs/ATM/DOCs/ATMCS122019503EA32B5C4A44519E548866B04FB926.XLSX,20 kb,https://rbidocs.rbi.org.in/rdocs/ATM/PDFs/ATMCS122019503EA32B5C4A44519E548866B04FB926.PDF,248 kb,1
107,Bank-wise ATM/POS/Card Statistics - January 2020,2020,1,0,https://rbidocs.rbi.org.in/rdocs/ATM/DOCs/ATMCS0120201B73EC6DB20C4C9898CE7580037654BD.XLS,86 kb,https://rbidocs.rbi.org.in/rdocs/ATM/PDFs/ATMCS0120201B73EC6DB20C4C9898CE7580037654BD.PDF,97 kb,1
108,Bank-wise ATM/POS/Card Statistics - February 2020,2020,2,0,https://rbidocs.rbi.org.in/rdocs/ATM/DOCs/ATM02202088363B9FC9FB4B1A83BEB1F67E266ABD.XLS,90 kb,https://rbidocs.rbi.org.in/rdocs/ATM/PDFs/ATM02202088363B9FC9FB4B1A83BEB1F67E266ABD.PDF,249 kb,1
109,Bank-wise ATM/POS/Card Statistics - March 2020,2020,3,0,https://rbidocs.rbi.org.in/rdocs/ATM/DOCs/ATM0320203A8362C0253D46D78706BE21CD6CA667.XLS,86 kb,https://rbidocs.rbi.org.in/rdocs/ATM/PDFs/ATM0320203A8362C0253D46D78706BE21CD6CA667.PDF,77 kb,1
110,Bank-wise ATM/POS/Card Statistics - April 2020,2020,4,0,https://rbidocs.rbi.org.in/rdocs/ATM/DOCs/ATM042020F83BD431E5C342EAB529E142B272440F.XLS,87 kb,https://rbidocs.rbi.org.in/rdocs/ATM/PDFs/ATM042020F83BD431E5C342EAB529E142B272440F.PDF,77 kb,1
111,Bank-wise ATM/POS/Card Statistics - May 2020,2020,5,0,https://rbidocs.rbi.org.in/rdocs/ATM/DOCs/ATM0520205047B664C0AF4BE687A79CA667181DA8.XLS,48 kb,https://rbidocs.rbi.org.in/rdocs/ATM/PDFs/ATM0520205047B664C0AF4BE687A79CA667181DA8.PDF,400 kb,1
112,Bank-wise ATM/POS/Card Statistics - June 2020,2020,6,0,https://rbidocs.rbi.org.in/rdocs/ATM/DOCs/ATM12BAC674B07F4949B581713AFAC63691.XLSX,20 kb,https://rbidocs.rbi.org.in/rdocs/ATM/PDFs/ATM12BAC674B07F4949B581713AFAC63691.PDF,88 kb,1
113,Bank-wise ATM/POS/Card Statistics - July 2020,2020,7,0,https://rbidocs.rbi.org.in/rdocs/ATM/DOCs/ATM21092020F0D9A41928544F359BFD55F7E938C4D2.XLSX,20 kb,https://rbidocs.rbi.org.in/rdocs/ATM/PDFs/ATM21092020F0D9A41928544F359BFD55F7E938C4D2.PDF,221 kb,1
114,Bank-wise ATM/POS/Card Statistics - August 2020,2020,8,0,https://rbidocs.rbi.org.in/rdocs/ATM/DOCs/ATM082020D14FDA475ED44E70BB22F7C9EA15C9B0.XLSX,20 kb,https://rbidocs.rbi.org.in/rdocs/ATM/PDFs/ATM082020D14FDA475ED44E70BB22F7C9EA15C9B0.PDF,97 kb,1
115,Bank-wise ATM/POS/Card Statistics - September 2020,2020,9,0,https://rbidocs.rbi.org.in/rdocs/ATM/DOCs/ATM092020D43BD86E62B5409BBCACFC27EC52E0CD.XLSX,21 kb,https://rbidocs.rbi.org.in/rdocs/ATM/PDFs/ATM092020D43BD86E62B5409BBCACFC27EC52E0CD.PDF,80 kb,1
116,Bank-wise ATM/POS/Card Statistics - October 2020,2020,10,0,https://rbidocs.rbi.org.in/rdocs/ATM/DOCs/ATM10202006976A70426B498D9D8373A066CBC269.XLSX,21 kb,https://rbidocs.rbi.org.in/rdocs/ATM/PDFs/ATM10202006976A70426B498D9D8373A066CBC269.PDF,327 kb,1
117,Bank-wise ATM/POS/Card Statistics - November 2020,2020,11,0,https://rbidocs.rbi.org.in/rdocs/ATM/DOCs/ATMD21E2C4053604DE4A438D39AA66A3DDA.XLSX,21 kb,https://rbidocs.rbi.org.in/rdocs/ATM/PDFs/ATMD21E2C4053604DE4A438D39AA66A3DDA.PDF,79 kb,1
118,Bank-wise ATM/POS/Card Statistics - December 2020,2020,12,0,https://rbidocs.rbi.org.in/rdocs/ATM/DOCs/ATM1220208E8C93801C6D4F2399EF31C19A0805A9.XLSX,21 kb,https://rbidocs.rbi.org.in/rdocs/ATM/PDFs/ATM1220208E8C93801C6D4F2399EF31C19A0805A9.PDF,216 kb,1
119,Bank-wise ATM/POS/Card Statistics - January 2021,2021,1,0,https://rbidocs.rbi.org.in/rdocs/ATM/DOCs/ATM2503202143D12E1C57FF44EB8E6C81785E14C1CE.XLSX,21 kb,https://rbidocs.rbi.org.in/rdocs/ATM/PDFs/ATM2503202143D12E1C57FF44EB8E6C81785E14C1CE.PDF,207 kb,1
120,Bank-wise ATM/POS/Card Statistics - February 2021,2021,2,0,https://rbidocs.rbi.org.in/rdocs/ATM/DOCs/ATM150420211082B589FD794427A7DC323DA2EEEC25.XLSX,21 kb,https://rbidocs.rbi.org.in/rdocs/ATM/PDFs/ATM150420211082B589FD794427A7DC323DA2EEEC25.PDF,101 kb,1
121,Bank-wise ATM/POS/Card Statistics - March 2021,2021,3,0,https://rbidocs.rbi.org.in/rdocs/ATM/DOCs/ATM18052021_F4DEA491557B44E2385D6FD2F5CADDF6F.XLSX,21 kb,https://rbidocs.rbi.org.in/rdocs/ATM/PDFs/ATM18052021_F4DEA491557B44E2385D6FD2F5CADDF6F.PDF,79 kb,1
122,Bank-wise ATM/POS/Card Statistics - April 2021,2021,4,0,https://rbidocs.rbi.org.in/rdocs/ATM/DOCs/ATM042021993978DBFB0444238E54236AF959B61E.XLSX,21 kb,https://rbidocs.rbi.org.in/rdocs/ATM/PDFs/ATM042021993978DBFB0444238E54236AF959B61E.PDF,446 kb,1
123,Bank-wise ATM/POS/Card Statistics - May 2021,2021,5,0,https://rbidocs.rbi.org.in/rdocs/ATM/DOCs/ATM052021DDABEF543E774FBBB848B50F0F20F22B.XLSX,21 kb,https://rbidocs.rbi.org.in/rdocs/ATM/PDFs/ATM052021DDABEF543E774FBBB848B50F0F20F22B.PDF,79 kb,1
124,Bank-wise ATM/POS/Card Statistics - June 2021,2021,6,0,https://rbidocs.rbi.org.in/rdocs/ATM/DOCs/ATM06210F02FA081F0147998F4EBD89AE2D26DA.XLSX,21 kb,https://rbidocs.rbi.org.in/rdocs/ATM/PDFs/ATM06210F02FA081F0147998F4EBD89AE2D26DA.PDF,75 kb,1
125,Bank-wise ATM/POS/Card Statistics - July 2021,2021,7,0,https://rbidocs.rbi.org.in/rdocs/ATM/DOCs/ATM0720211A82C3EEA1304D97AD4A4CF9AE157E60.XLSX,21 kb,https://rbidocs.rbi.org.in/rdocs/ATM/PDFs/ATM0720211A82C3EEA1304D97AD4A4CF9AE157E60.PDF,199 kb,1
126,Bank-wise ATM/POS/Card Statistics - August 2021,2021,8,0,https://rbidocs.rbi.org.in/rdocs/ATM/DOCs/ATM082021A54F4D3A50C94B9BB68835EE1C36B956.XLSX,21 kb,https://rbidocs.rbi.org.in/rdocs/ATM/PDFs/ATM082021A54F4D3A50C94B9BB68835EE1C36B956.PDF,79 kb,1
127,Bank-wise ATM/POS/Card Statistics - September 2021,2021,9,0,https://rbidocs.rbi.org.in/rdocs/ATM/DOCs/ATM09202177EDBFDE655D437AB219D0B196FCFD23.XLSX,21 kb,https://rbidocs.rbi.org.in/rdocs/ATM/PDFs/ATM09202177EDBFDE655D437AB219D0B196FCFD23.PDF,196 kb,1
128,Bank-wise ATM/POS/Card Statistics - October 2021,2021,10,0,https://rbidocs.rbi.org.in/rdocs/ATM/DOCs/ATM1020213EF20FCA31BD400AB71E8E09B04FBE7D.XLSX,20 kb,https://rbidocs.rbi.org.in/rdocs/ATM/PDFs/ATM1020213EF20FCA31BD400AB71E8E09B04FBE7D.PDF,80 kb,1
129,Bank-wise ATM/POS/Card Statistics - November 2021,2021,11,0,https://rbidocs.rbi.org.in/rdocs/ATM/DOCs/ATMNOVEMBER2021A63CAD21CE4E4DFDA839DD2BD256AD5B.XLSX,20 kb,https://rbidocs.rbi.org.in/rdocs/ATM/PDFs/ATMNOVEMBER2021A63CAD21CE4E4DFDA839DD2BD256AD5B.PDF,79 kb,1
130,Bank-wise ATM/POS/Card Statistics - December 2021,2021,12,0,https://rbidocs.rbi.org.in/rdocs/ATM/DOCs/ATMDECEMBER20211951A93663C448E5A650377BBB4E311C.XLSX,21 kb,https://rbidocs.rbi.org.in/rdocs/ATM/PDFs/ATMDECEMBER20211951A93663C448E5A650377BBB4E311C.PDF,170 kb,1
131,Bank-wise ATM/POS/Card Statistics - January 2022,2022,1,0,https://rbidocs.rbi.org.in/rdocs/ATM/DOCs/ATM2022JANUARY1C73A4D5438C48959894AEC2DA8AB3C5.XLSX,20 kb,https://rbidocs.rbi.org.in/rdocs/ATM/PDFs/ATM2022JANUARY1C73A4D5438C48959894AEC2DA8AB3C5.PDF,79 kb,1
132,Bank-wise ATM/POS/Card Statistics - February 2022,2022,2,0,https://rbidocs.rbi.org.in/rdocs/ATM/DOCs/ATMFEBRUARY2022032DBE15C26844218E873BE29E764862.XLSX,23 kb,https://rbidocs.rbi.org.in/rdocs/ATM/PDFs/ATMFEBRUARY2022032DBE15C26844218E873BE29E764862.PDF,200 kb,1
133,Bank-wise ATM/POS/Card Statistics - March 2022,2022,3,0,https://rbidocs.rbi.org.in/rdocs/ATM/DOCs/ATMCARDSTATISTICSM202238D403B4F64C4257B7FB8542E1058924.XLSX,27 kb,https://rbidocs.rbi.org.in/rdocs/ATM/PDFs/ATMCARDSTATISTICSM202238D403B4F64C4257B7FB8542E1058924.PDF,119 kb,1
134,Bank-wise ATM/POS/Card Statistics - April 2022,2022,4,0,https://rbidocs.rbi.org.in/rdocs/ATM/DOCs/ATMAICSAPRIL2022DCE60947F453408BB0B9B12FC25B4FB3.XLSX,27 kb,https://rbidocs.rbi.org.in/rdocs/ATM/PDFs/ATMAICSAPRIL2022DCE60947F453408BB0B9B12FC25B4FB3.PDF,79 kb,1
135,Bank-wise ATM/POS/Card Statistics - May 2022,2022,5,0,https://rbidocs.rbi.org.in/rdocs/ATM/DOCs/ATM24062022B1682B16A8DE46F9A4EF93B1A45F4483.XLSX,27 kb,https://rbidocs.rbi.org.in/rdocs/ATM/PDFs/ATM24062022B1682B16A8DE46F9A4EF93B1A45F4483.PDF,90 kb,1
136,Bank-wise ATM/POS/Card Statistics - June 2022,2022,6,0,https://rbidocs.rbi.org.in/rdocs/ATM/DOCs/ATMJUNE2022609740452711440CA003589C4F9CA184.XLSX,27 kb,https://rbidocs.rbi.org.in/rdocs/ATM/PDFs/ATMJUNE2022609740452711440CA003589C4F9CA184.PDF,79 kb,1
137,Bank-wise ATM/POS/Card Statistics - July 2022,2022,7,0,https://rbidocs.rbi.org.in/rdocs/ATM/DOCs/ATMJULY20224C14FCD4FB824FF88D5F00BD92FF64C7.XLSX,48 kb,https://rbidocs.rbi.org.in/rdocs/ATM/PDFs/ATMJULY20224C14FCD4FB824FF88D5F00BD92FF64C7.PDF,119 kb,1
138,Bank-wise ATM/POS/Card Statistics - August 2022,2022,8,0,https://rbidocs.rbi.org.in/rdocs/ATM/DOCs/ATMAUGUST20222A25E249961C42F5B5AD54F25F2FC9FD.XLSX,48 kb,https://rbidocs.rbi.org.in/rdocs/ATM/PDFs/ATMAUGUST20222A25E249961C42F5B5AD54F25F2FC9FD.PDF,80 kb,1
139,Bank-wise ATM/POS/Card Statistics - September 2022,2022,9,0,https://rbidocs.rbi.org.in/rdocs/ATM/DOCs/ATMSEPT2022757FCD4121974841840DF3A80AA9B5F0.XLSX,27 kb,https://rbidocs.rbi.org.in/rdocs/ATM/PDFs/ATMSEPT2022757FCD4121974841840DF3A80AA9B5F0.PDF,80 kb,1
140,Bank-wise ATM/POS/Card Statistics - October 2022,2022,10,0,https://rbidocs.rbi.org.in/rdocs/ATM/DOCs/ATMOCTOBER202268A5EE9DC3C8404D931EEED487A22380.XLSX,28 kb,https://rbidocs.rbi.org.in/rdocs/ATM/PDFs/ATMOCTOBER202268A5EE9DC3C8404D931EEED487A22380.PDF,88 kb,1
141,Bank-wise ATM/POS/Card Statistics - November 2022,2022,11,0,https://rbidocs.rbi.org.in/rdocs/ATM/DOCs/ATMNOVEMBER202258C819A62B7A4E62A5CD18B89722B406.XLSX,28 kb,https://rbidocs.rbi.org.in/rdocs/ATM/PDFs/ATMNOVEMBER202258C819A62B7A4E62A5CD18B89722B406.PDF,420 kb,1
142,Bank-wise ATM/POS/Card Statistics - December 2022,2022,12,0,https://rbidocs.rbi.org.in/rdocs/ATM/DOCs/ATMDECEMBER2022CFA6547F8B7F4CAD9711F84B0FDA47B4.XLSX,28 kb,https://rbidocs.rbi.org.in/rdocs/ATM/PDFs/ATMDECEMBER2022CFA6547F8B7F4CAD9711F84B0FDA47B4.PDF,214 kb,1
143,Bank-wise ATM/POS/Card Statistics - January 2023,2023,1,0,https://rbidocs.rbi.org.in/rdocs/ATM/DOCs/01ATM202390AF58B0729E4A70A0665091361E142A.XLSX,28 kb,https://rbidocs.rbi.org.in/rdocs/ATM/PDFs/01ATM202390AF58B0729E4A70A0665091361E142A.PDF,170 kb,1
144,Bank-wise ATM/POS/Card Statistics - February 2023,2023,2,0,https://rbidocs.rbi.org.in/rdocs/ATM/DOCs/ATMCARDSFEBRUARY23338AEF0694164CA3A9699D81995BBD86.XLSX,28 kb,https://rbidocs.rbi.org.in/rdocs/ATM/PDFs/ATMCARDSFEBRUARY23338AEF0694164CA3A9699D81995BBD86.PDF,170 kb,1
145,Bank-wise ATM/POS/Card Statistics - March 2023,2023,3,0,https://rbidocs.rbi.org.in/rdocs/ATM/DOCs/ATMCARDSMARCH2326696F4AA2574B6FBA44619F2E06D710.XLSX,28 kb,https://rbidocs.rbi.org.in/rdocs/ATM/PDFs/ATMCARDSMARCH2326696F4AA2574B6FBA44619F2E06D710.PDF,85 kb,1
146,Bank-wise ATM/POS/Card Statistics - April 2023,2023,4,0,https://rbidocs.rbi.org.in/rdocs/ATM/DOCs/ATMCARDSAPRIL20238B7180C64D8C4C0E9DC53416B47F32F5.XLSX,28 kb,https://rbidocs.rbi.org.in/rdocs/ATM/PDFs/ATMCARDSAPRIL20238B7180C64D8C4C0E9DC53416B47F32F5.PDF,290 kb,1
147,Bank-wise ATM/POS/Card Statistics - May 2023,2023,5,0,https://rbidocs.rbi.org.in/rdocs/ATM/DOCs/ATMMAY2023DA5FCDE42EAC49DCA5CA96618D5B66DA.XLSX,28 kb,https://rbidocs.rbi.org.in/rdocs/ATM/PDFs/ATMMAY2023DA5FCDE42EAC49DCA5CA96618D5B66DA.PDF,305 kb,1
148,Bank-wise ATM/POS/Card Statistics - June 2023,2023,6,0,https://rbidocs.rbi.org.in/rdocs/ATM/DOCs/ATMJUNE20235B987AE67A6F49A6918662DBF8A9E31D.XLSX,28 kb,https://rbidocs.rbi.org.in/rdocs/ATM/PDFs/ATMJUNE20235B987AE67A6F49A6918662DBF8A9E31D.PDF,217 kb,1
149,Bank-wise ATM/POS/Card Statistics - July 2023,2023,7,0,https://rbidocs.rbi.org.in/rdocs/ATM/DOCs/ATMJULY2023A656B1BC0E5849EC9CA8092193D69B66.XLSX,28 kb,https://rbidocs.rbi.org.in/rdocs/ATM/PDFs/ATMJULY2023A656B1BC0E5849EC9CA8092193D69B66.PDF,132 kb,1
150,Bank-wise ATM/POS/Card Statistics - August 2023,2023,8,0,https://rbidocs.rbi.org.in/rdocs/ATM/DOCs/ATMAUGUST202319B50E68165143FFA625E49F3E6757D2.XLSX,28 kb,https://rbidocs.rbi.org.in/rdocs/ATM/PDFs/ATMAUGUST202319B50E68165143FFA625E49F3E6757D2.PDF,278 kb,1
151,Bank-wise ATM/POS/Card Statistics - September 2023,2023,9,0,https://rbidocs.rbi.org.in/rdocs/ATM/DOCs/CARDSTATISTICSSEP20237F9722FFFD2C4A648A621CB928EE955F.XLSX,28 kb,https://rbidocs.rbi.org.in/rdocs/ATM/PDFs/CARDSTATISTICSSEP20237F9722FFFD2C4A648A621CB928EE955F.PDF,132 kb,1
152,Bank-wise ATM/POS/Card Statistics - October 2023,2023,10,0,https://rbidocs.rbi.org.in/rdocs/ATM/DOCs/CARDSTATISTICSOCT233FCD79949CF34355AB25245B3EFE2074.XLSX,28 kb,https://rbidocs.rbi.org.in/rdocs/ATM/PDFs/CARDSTATISTICSOCT233FCD79949CF34355AB25245B3EFE2074.PDF,117 kb,1
153,Bank-wise ATM/POS/Card Statistics - November 2023,2023,11,0,https://rbidocs.rbi.org.in/rdocs/ATM/DOCs/CARDSTATISTICSNOV238027AEE4EAC345CB8DE1FBE6AACE7F28.XLSX,28 kb,https://rbidocs.rbi.org.in/rdocs/ATM/PDFs/CARDSTATISTICSNOV238027AEE4EAC345CB8DE1FBE6AACE7F28.PDF,294 kb,1
154,Bank-wise ATM/POS/Card Statistics - December 2023,2023,12,0,https://rbidocs.rbi.org.in/rdocs/ATM/DOCs/ATMCARDDECEMBER2023FB5BF1EF5FA6424F9BEFA688B5C97B6A.XLSX,28 kb,https://rbidocs.rbi.org.in/rdocs/ATM/PDFs/ATMCARDDECEMBER2023FB5BF1EF5FA6424F9BEFA688B5C97B6A.PDF,86 kb,1
155,Bank-wise ATM/POS/Card Statistics - January 2024,2024,1,0,https://rbidocs.rbi.org.in/rdocs/ATM/DOCs/ATMJAN2024A9E2477D787A44509449782EE3288B7F.XLSX,29 kb,https://rbidocs.rbi.org.in/rdocs/ATM/PDFs/ATMJAN2024A9E2477D787A44509449782EE3288B7F.PDF,133 kb,1
156,Bank-wise ATM/POS/Card Statistics - February 2024,2024,2,0,https://rbidocs.rbi.org.in/rdocs/ATM/DOCs/ATMCARDSTATISTICSFEBRUARY202457B7F81FA09D45F1B815AFE8F846DD66.XLSX,29 kb,https://rbidocs.rbi.org.in/rdocs/ATM/PDFs/ATMCARDSTATISTICSFEBRUARY202457B7F81FA09D45F1B815AFE8F846DD66.PDF,221 kb,1
157,Bank-wise ATM/POS/Card Statistics - March 2024 (Revised),2024,3,1,https://rbidocs.rbi.org.in/rdocs/ATM/DOCs/ATMMARCH202403D8106C31994EA790C3F5A29575EE6A.XLSX,29 kb,https://rbidocs.rbi.org.in/rdocs/ATM/PDFs/ATMMARCH202403D8106C31994EA790C3F5A29575EE6A.PDF,519 kb,1
158,Bank-wise ATM/POS/Card Statistics - April 2024 (Revised),2024,4,1,https://rbidocs.rbi.org.in/rdocs/ATM/DOCs/ATMAPRIL20249C58DB8860BC4B84810C4A190E8231E5.XLSX,29 kb,https://rbidocs.rbi.org.in/rdocs/ATM/PDFs/ATMAPRIL20249C58DB8860BC4B84810C4A190E8231E5.PDF,362 kb,1
159,Bank-wise ATM/POS/Card Statistics - May 2024 (Revised),2024,5,1,https://rbidocs.rbi.org.in/rdocs/ATM/DOCs/ATMMAY2024A8832E32046C4E5D913FC5D956BDDF57.XLSX,29 kb,https://rbidocs.rbi.org.in/rdocs/ATM/PDFs/ATMMAY2024A8832E32046C4E5D913FC5D956BDDF57.PDF,368 kb,1
160,Bank-wise ATM/POS/Card Statistics - June 2024 (Revised),2024,6,1,https://rbidocs.rbi.org.in/rdocs/ATM/DOCs/ATMJUNE20242BE0E594BAE0400EAD41F751AF675046.XLSX,29 kb,https://rbidocs.rbi.org.in/rdocs/ATM/PDFs/ATMJUNE20242BE0E594BAE0400EAD41F751AF675046.PDF,334 kb,1
161,Bank-wise ATM/POS/Card Statistics - July 2024 (Revised),2024,7,1,https://rbidocs.rbi.org.in/rdocs/ATM/DOCs/ATMJULY202417221FE0DEB842AD882E7F1D08895B4F.XLSX,29 kb,https://rbidocs.rbi.org.in/rdocs/ATM/PDFs/ATMJULY202417221FE0DEB842AD882E7F1D08895B4F.PDF,297 kb,1
162,Bank-wise ATM/POS/Card Statistics - August 2024 (Revised),2024,8,1,https://rbidocs.rbi.org.in/rdocs/ATM/DOCs/ATMAUGUST2024D6D2CC30F44742C9B65FDE9DC2397328.XLSX,29 kb,https://rbidocs.rbi.org.in/rdocs/ATM/PDFs/ATMAUGUST2024D6D2CC30F44742C9B65FDE9DC2397328.PDF,312 kb,1
163,Bank-wise ATM/POS/Card Statistics - September 2024 (Revised),2024,9,1,https://rbidocs.rbi.org.in/rdocs/ATM/DOCs/ATMSEPTEMBER2024D5A37F1616A7422F8993C9ADDC479195.XLSX,29 kb,https://rbidocs.rbi.org.in/rdocs/ATM/PDFs/ATMSEPTEMBER2024D5A37F1616A7422F8993C9ADDC479195.PDF,336 kb,1
164,Bank-wise ATM/POS/Card Statistics - October 2024 (Revised),2024,10,1,https://rbidocs.rbi.org.in/rdocs/ATM/DOCs/ATMOCTOBER20246CDDFC7E6BE7495B947FA39FD754E0C9.XLSX,29 kb,https://rbidocs.rbi.org.in/rdocs/ATM/PDFs/ATMOCTOBER20246CDDFC7E6BE7495B947FA39FD754E0C9.PDF,501 kb,1
165,Bank-wise ATM/POS/Card Statistics - November 2024 (Revised),2024,11,1,https://rbidocs.rbi.org.in/rdocs/ATM/DOCs/ATMNOVEMBER20244B5CD28EDD114270ADC008F52CC6B0D7.XLSX,29 kb,https://rbidocs.rbi.org.in/rdocs/ATM/PDFs/ATMNOVEMBER20244B5CD28EDD114270ADC008F52CC6B0D7.PDF,339 kb,1
166,Bank-wise ATM/POS/Card Statistics - December 2024 (Revised),2024,12,1,https://rbidocs.rbi.org.in/rdocs/ATM/DOCs/ATMDECEMBER202438B02CA1A3AC4A2CB0702331BCE9CE34.XLSX,30 kb,https://rbidocs.rbi.org.in/rdocs/ATM/PDFs/ATMDECEMBER202438B02CA1A3AC4A2CB0702331BCE9CE34.PDF,480 kb,1
167,Bank-wise ATM/POS/Card Statistics - January 2025 (Revised),2025,1,1,https://rbidocs.rbi.org.in/rdocs/ATM/DOCs/ATMJANUARY2025B1FB692B5934404B883922E995D5FDD4.XLSX,30 kb,https://rbidocs.rbi.org.in/rdocs/ATM/PDFs/ATMJANUARY2025B1FB692B5934404B883922E995D5FDD4.PDF,215 kb,1
168,Bank-wise ATM/POS/Card Statistics - February 2025,2025,2,0,https://rbidocs.rbi.org.in/rdocs/ATM/DOCs/ATMFEBRUARY20257E29C21AB6AD4CDFAB6C02CE146FC553.XLSX,30 kb,https://rbidocs.rbi.org.in/rdocs/ATM/PDFs/ATMFEBRUARY20257E29C21AB6AD4CDFAB6C02CE146FC553.PDF,160 kb,1
169,Bank-wise ATM/POS/Card Statistics - March 2025,2025,3,0,https://rbidocs.rbi.org.in/rdocs/ATM/DOCs/ATMMARCH202530FC885C0DD7498F9F94FA607430F097.XLSX,30 kb,https://rbidocs.rbi.org.in/rdocs/ATM/PDFs/ATMMARCH202530FC885C0DD7498F9F94FA607430F097.PDF,85 kb,1
170,Bank-wise ATM/POS/Card Statistics - April 2025 (Revised),2025,4,1,https://rbidocs.rbi.org.in/rdocs/ATM/DOCs/ATMAPRIL25A53BB941D2DD420396BFADA6710AE005.XLSX,28 kb,https://rbidocs.rbi.org.in/rdocs/ATM/PDFs/ATMAPRIL25A53BB941D2DD420396BFADA6710AE005.PDF,393 kb,1
171,Bank-wise ATM/POS/Card Statistics - May 2025 (Revised),2025,5,1,https://rbidocs.rbi.org.in/rdocs/ATM/DOCs/ATMMAY2306202583416DC93AF04D958DBA2EFF4AA94D93.XLSX,30 kb,https://rbidocs.rbi.org.in/rdocs/ATM/PDFs/ATMMAY2306202583416DC93AF04D958DBA2EFF4AA94D93.PDF,889 kb,1
172,Bank-wise ATM/POS/Card Statistics - June 2025 (Revised),2025,6,1,https://rbidocs.rbi.org.in/rdocs/ATM/DOCs/ATMJUNE2025599A531681334E06B9CF942D0E25B921.XLSX,30 kb,https://rbidocs.rbi.org.in/rdocs/ATM/PDFs/ATMJUNE2025599A531681334E06B9CF942D0E25B921.PDF,439 kb,1
173,Bank-wise ATM/POS/Card Statistics - July 2025 (Revised),2025,7,1,https://rbidocs.rbi.org.in/rdocs/ATM/DOCs/ATMJULY20259DD80A92103A477A88BEDB6A5DD9F70A.XLSX,30 kb,https://rbidocs.rbi.org.in/rdocs/ATM/PDFs/ATMJULY20259DD80A92103A477A88BEDB6A5DD9F70A.PDF,886 kb,1
174,Bank-wise ATM/POS/Card Statistics - August 2025 (Revised),2025,8,1,https://rbidocs.rbi.org.in/rdocs/ATM/DOCs/ATMAUGUST2025FE83AB680ECC4DE48661FF1C2B66C15D.XLSX,29 kb,https://rbidocs.rbi.org.in/rdocs/ATM/PDFs/ATMAUGUST2025FE83AB680ECC4DE48661FF1C2B66C15D.PDF,474 kb,1
175,Bank-wise ATM/POS/Card Statistics - September 2025 (Revised),2025,9,1,https://rbidocs.rbi.org.in/rdocs/ATM/DOCs/ATMSEPTEMBER202541852720BAFD4A8A90E33F89B157583C.XLSX,29 kb,https://rbidocs.rbi.org.in/rdocs/ATM/PDFs/ATMSEPTEMBER202541852720BAFD4A8A90E33F89B157583C.PDF,82 kb,1
176,Bank-wise ATM/POS/Card Statistics - October 2025 (Revised),2025,10,1,https://rbidocs.rbi.org.in/rdocs/ATM/DOCs/ATMOCTOBER202555BCB90087E940BD92477C5AE7A66DE1.XLSX,29 kb,https://rbidocs.rbi.org.in/rdocs/ATM/PDFs/ATMOCTOBER202555BCB90087E940BD92477C5AE7A66DE1.PDF,333 kb,1
177,Bank-wise ATM/POS/Card Statistics - November 2025 (Revised),2025,11,1,https://rbidocs.rbi.org.in/rdocs/ATM/DOCs/ATMOCTOBER20251BB945D4B48243919FC75258A43E822A.XLSX,30 kb,https://rbidocs.rbi.org.in/rdocs/ATM/PDFs/ATMOCTOBER20251BB945D4B48243919FC75258A43E822A.PDF,303 kb,1
178,Bank-wise ATM/POS/Card Statistics - December 2025 (Revised),2025,12,1,https://rbidocs.rbi.org.in/rdocs/ATM/DOCs/ATM122025010824B80F314664BFB1DA8F17935161.XLSX,30 kb,https://rbidocs.rbi.org.in/rdocs/ATM/PDFs/ATM122025010824B80F314664BFB1DA8F17935161.PDF,217 kb,1
179,Bank-wise ATM/POS/Card Statistics - January 2026 (Revised),2026,1,1,https://rbidocs.rbi.org.in/rdocs/ATM/DOCs/ATMJANUARY20269497B2015AF240038E9599C7CDD09CAB.XLSX,29 kb,https://rbidocs.rbi.org.in/rdocs/ATM/PDFs/ATMJANUARY20269497B2015AF240038E9599C7CDD09CAB.PDF,346 kb,1
180,Bank-wise ATM/POS/Card Statistics - February 2026,2026,2,0,https://rbidocs.rbi.org.in/rdocs/ATM/DOCs/ATMFEBRUARY2026041480995D57437F9DD1D9987E494405.XLSX,30 kb,https://rbidocs.rbi.org.in/rdocs/ATM/PDFs/ATMFEBRUARY2026041480995D57437F9DD1D9987E494405.PDF,80 kb,1
181,Bank-wise ATM/POS/Card Statistics - March 2026 (Revised),2026,3,1,https://rbidocs.rbi.org.in/rdocs/ATM/DOCs/ATMMARCH20265F48EF7056E84759B802285873DD3FB3.XLSX,30 kb,https://rbidocs.rbi.org.in/rdocs/ATM/PDFs/ATMMARCH20265F48EF7056E84759B802285873DD3FB3.PDF,778 kb,1
182,Bank-wise ATM/POS/Card Statistics - April 2026 (Revised),2026,4,1,https://rbidocs.rbi.org.in/rdocs/ATM/DOCs/ATMAPRIL20265AF3EE208AF746979B772EED805CDCA8.XLSX,29 kb,https://rbidocs.rbi.org.in/rdocs/ATM/PDFs/ATMAPRIL20265AF3EE208AF746979B772EED805CDCA8.PDF,81 kb,1
183,Bank-wise ATM/POS/Card Statistics - May 2026,2026,5,0,https://rbidocs.rbi.org.in/rdocs/ATM/DOCs/ATMMAY20264894DAAE2393407E9B7CA49E48E36E5E.XLSX,29 kb,https://rbidocs.rbi.org.in/rdocs/ATM/PDFs/ATMMAY20264894DAAE2393407E9B7CA49E48E36E5E.PDF,344 kb,1
184,Bank-wise ATM/POS/Card Statistics - June 2026,2026,6,0,https://rbidocs.rbi.org.in/rdocs/ATM/DOCs/ATMJUNE202645433E9084A94D24825EE044323E189E.XLSX,30 kb,https://rbidocs.rbi.org.in/rdocs/ATM/PDFs/ATMJUNE202645433E9084A94D24825EE044323E189E.PDF,127 kb,1
185,Bank-wise ATM/POS/Card Statistics - July 2026,2026,7,0,https://rbidocs.rbi.org.in/rdocs/ATM/DOCs/ATMJULY2026334C20E0599245CAB45122FD578E52F2.XLSX,29 kb,https://rbidocs.rbi.org.in/rdocs/ATM/PDFs/ATMJULY2026334C20E0599245CAB45122FD578E52F2.PDF,125 kb,1
186,,,,0,,,,,0
187,,,,0,,,,,0
188,,,,0,,,,,0
189,,,,0,,,,,0
190,,,,0,,,,,0
191,,,,0,,,,,0
192,,,,0,,,,,0
193,,,,0,,,,,0
194,,,,0,,,,,0
195,,,,0,,,,,0
196,,,,0,,,,,0
197,,,,0,,,,,0
